exp_name,dataset_name,file_size_bytes,run_id,pipeline,unique_symbols,build_huffman_ms,build_obst_ms,encode_ms,decode_ms,total_ms,compressed_bytes,pad_bits,compression_ratio,lookup_comparisons_total,lookup_comparisons_per_symbol,correctness_ok
exp1_distribution,uniform256,524288,1,huffman,256,3.2382,0.0,1612.5531,2200.0466,3815.8379000000004,524288,0,1.0,0,0.0,1
exp1_distribution,uniform256,524288,1,huffman+obst,256,2.6812,2200.5131,2563.8638,2183.8102,6950.8683,524288,0,1.0,3688902,7.036022186279297,1
exp1_distribution,uniform256,524288,2,huffman,256,2.5921,0.0,1443.8739,2185.4176,3631.8836,524288,0,1.0,0,0.0,1
exp1_distribution,uniform256,524288,2,huffman+obst,256,3.1593,2207.8586,2557.3585,2181.3898,6949.766199999999,524288,0,1.0,3690242,7.038578033447266,1
exp1_distribution,uniform256,524288,3,huffman,256,2.661,0.0,1391.5043,1985.4567,3379.6220000000003,524288,0,1.0,0,0.0,1
exp1_distribution,uniform256,524288,3,huffman+obst,256,2.6225,2228.5645,2579.3105,2180.9488,6991.4463,524288,0,1.0,3688477,7.035211563110352,1
exp1_distribution,uniform256,524288,4,huffman,256,2.6693,0.0,1446.6573,2185.5368,3634.8634,524288,0,1.0,0,0.0,1
exp1_distribution,uniform256,524288,4,huffman+obst,256,2.38,2192.5702,2589.08,2220.754,7004.7842,524288,0,1.0,3689435,7.037038803100586,1
exp1_distribution,uniform256,524288,5,huffman,256,2.3827,0.0,1464.098,2203.5154,3669.9961000000003,524288,0,1.0,0,0.0,1
exp1_distribution,uniform256,524288,5,huffman+obst,256,2.3419,2234.2649,2483.5074,2108.6443,6828.7585,524288,0,1.0,3689602,7.037357330322266,1
exp1_distribution,uniform256,524288,6,huffman,256,2.2757,0.0,1443.8463,2180.8644,3626.9864,524288,0,1.0,0,0.0,1
exp1_distribution,uniform256,524288,6,huffman+obst,256,2.3179,2211.4839,2577.7612,2230.7771,7022.340099999999,524288,0,1.0,3688882,7.035984039306641,1
exp1_distribution,uniform256,524288,7,huffman,256,2.2906,0.0,1445.9125,2181.6321,3629.8351999999995,524288,0,1.0,0,0.0,1
exp1_distribution,uniform256,524288,7,huffman+obst,256,2.381,2228.3631,2586.8917,2191.5775,7009.213299999999,524288,0,1.0,3689135,7.036466598510742,1
exp1_distribution,zipf128,524288,1,huffman,128,1.1051,0.0,948.9726,1343.4148,2293.4925000000003,317153,4,0.6049213409423828,0,0.0,1
exp1_distribution,zipf128,524288,1,huffman+obst,128,0.9501,229.3873,1510.8656,1376.1948,3117.3977999999997,317153,4,0.6049213409423828,2245526,4.283000946044922,1
exp1_distribution,zipf128,524288,2,huffman,128,1.1013,0.0,943.7267,1379.0796,2323.9076,317643,3,0.6058559417724609,0,0.0,1
exp1_distribution,zipf128,524288,2,huffman+obst,128,1.1282,272.942,1685.4518,1376.6485,3336.1705,317643,3,0.6058559417724609,2249901,4.291345596313477,1
exp1_distribution,zipf128,524288,3,huffman,128,1.1289,0.0,944.2625,1394.3322,2339.7236000000003,317437,3,0.6054630279541016,0,0.0,1
exp1_distribution,zipf128,524288,3,huffman+obst,128,1.1418,273.7331,1683.4012,1378.5339,3336.81,317437,3,0.6054630279541016,2249187,4.289983749389648,1
exp1_distribution,zipf128,524288,4,huffman,128,1.1469,0.0,960.2783,1380.0264,2341.4516,317081,2,0.6047840118408203,0,0.0,1
exp1_distribution,zipf128,524288,4,huffman+obst,128,1.1828,271.0163,1691.6631,1389.1117,3352.9739,317081,2,0.6047840118408203,2246262,4.284404754638672,1
exp1_distribution,zipf128,524288,5,huffman,128,1.1166,0.0,945.1906,1376.6035,2322.9107,317263,2,0.6051311492919922,0,0.0,1
exp1_distribution,zipf128,524288,5,huffman+obst,128,1.138,273.4506,1663.0864,1188.4641,3126.1391,317263,2,0.6051311492919922,2247115,4.286031723022461,1
exp1_distribution,zipf128,524288,6,huffman,128,1.1011,0.0,943.4121,1366.6414,2311.1546,316752,5,0.604156494140625,0,0.0,1
exp1_distribution,zipf128,524288,6,huffman+obst,128,1.1039,272.0129,1706.152,1372.0788,3351.3476,316752,5,0.604156494140625,2243125,4.278421401977539,1
exp1_distribution,zipf128,524288,7,huffman,128,1.1176,0.0,943.2733,1364.7852,2309.1761,316797,0,0.6042423248291016,0,0.0,1
exp1_distribution,zipf128,524288,7,huffman+obst,128,1.1687,278.1506,1691.4014,1386.376,3357.0967,316797,0,0.6042423248291016,2243748,4.279609680175781,1
exp1_distribution,repetitive90,524288,1,huffman,256,2.3168,0.0,417.7504,554.9968,975.0640000000001,118102,1,0.22526168823242188,0,0.0,1
exp1_distribution,repetitive90,524288,1,huffman+obst,256,2.2741,2137.9049,780.5584,555.3408,3476.0782,118102,1,0.22526168823242188,853318,1.6275749206542969,1
exp1_distribution,repetitive90,524288,2,huffman,256,2.3185,0.0,412.9288,555.1384,970.3857,118236,2,0.22551727294921875,0,0.0,1
exp1_distribution,repetitive90,524288,2,huffman+obst,256,2.3568,2147.6542,780.0892,557.3016,3487.4017999999996,118236,2,0.22551727294921875,854309,1.629465103149414,1
exp1_distribution,repetitive90,524288,3,huffman,256,2.296,0.0,410.0881,553.369,965.7531,117877,6,0.22483253479003906,0,0.0,1
exp1_distribution,repetitive90,524288,3,huffman+obst,256,2.3292,2137.6604,755.5507,582.7735,3478.313800000001,117877,6,0.22483253479003906,852323,1.6256771087646484,1
exp1_distribution,repetitive90,524288,4,huffman,256,1.9459,0.0,348.5461,531.3096,881.8016,117860,4,0.22480010986328125,0,0.0,1
exp1_distribution,repetitive90,524288,4,huffman+obst,256,2.3108,2135.6289,772.6106,565.1059,3475.6562000000004,117860,4,0.22480010986328125,851955,1.6249752044677734,1
exp1_distribution,repetitive90,524288,5,huffman,256,2.2765,0.0,413.2101,552.0821,967.5687,117973,4,0.22501564025878906,0,0.0,1
exp1_distribution,repetitive90,524288,5,huffman+obst,256,2.314,2127.559,771.582,555.9249,3457.3799,117973,4,0.22501564025878906,852748,1.6264877319335938,1
exp1_distribution,repetitive90,524288,6,huffman,256,2.3522,0.0,414.3973,558.8503,975.5998,118384,4,0.225799560546875,0,0.0,1
exp1_distribution,repetitive90,524288,6,huffman+obst,256,2.3514,2171.0343,779.5036,558.056,3510.9453,118384,4,0.225799560546875,854851,1.6304988861083984,1
exp1_distribution,repetitive90,524288,7,huffman,256,2.2704,0.0,410.1754,553.0246,965.4703999999999,117813,2,0.22471046447753906,0,0.0,1
exp1_distribution,repetitive90,524288,7,huffman+obst,256,2.2705,2141.7537,790.781,566.834,3501.6392,117813,2,0.22471046447753906,851438,1.6239891052246094,1
exp1_distribution,english_like,524288,1,huffman,52,0.485,0.0,1048.5964,1550.0781,2599.1594999999998,361549,5,0.6895999908447266,0,0.0,1
exp1_distribution,english_like,524288,1,huffman+obst,52,0.4648,20.5662,1872.8724,1552.4214,3446.3248,361549,5,0.6895999908447266,2367837,4.516290664672852,1
exp1_distribution,english_like,524288,2,huffman,52,0.4669,0.0,1056.2871,1331.518,2388.272,361606,3,0.6897087097167969,0,0.0,1
exp1_distribution,english_like,524288,2,huffman+obst,52,0.4656,20.8253,1845.0589,1549.7532,3416.103,361606,3,0.6897087097167969,2368396,4.517356872558594,1
exp1_distribution,english_like,524288,3,huffman,52,0.485,0.0,1057.5846,1548.4008,2606.4703999999997,361596,4,0.6896896362304688,0,0.0,1
exp1_distribution,english_like,524288,3,huffman+obst,52,0.4821,20.6135,1843.2716,1549.7939,3414.1611000000003,361596,4,0.6896896362304688,2368296,4.5171661376953125,1
exp1_distribution,english_like,524288,4,huffman,52,0.429,0.0,1043.7777,1545.6535,2589.8602,361606,3,0.6897087097167969,0,0.0,1
exp1_distribution,english_like,524288,4,huffman+obst,52,0.461,20.6074,1850.8671,1570.3568,3442.2923,361606,3,0.6897087097167969,2369478,4.519420623779297,1
exp1_distribution,english_like,524288,5,huffman,52,0.4658,0.0,1044.87,1549.9073,2595.2430999999997,361571,2,0.6896419525146484,0,0.0,1
exp1_distribution,english_like,524288,5,huffman+obst,52,0.4667,29.9475,2387.6995,1708.0085,4126.1222,361571,2,0.6896419525146484,2368124,4.516838073730469,1
exp1_distribution,english_like,524288,6,huffman,52,0.4206,0.0,1098.9548,1570.5477,2669.9231,361728,6,0.68994140625,0,0.0,1
exp1_distribution,english_like,524288,6,huffman+obst,52,0.4579,21.3847,1891.5202,1569.3796,3482.7424,361728,6,0.68994140625,2369528,4.5195159912109375,1
exp1_distribution,english_like,524288,7,huffman,52,0.4154,0.0,1060.8933,1551.7594,2613.0681,361367,1,0.6892528533935547,0,0.0,1
exp1_distribution,english_like,524288,7,huffman+obst,52,0.4189,21.44,1878.0707,1559.226,3459.1556,361367,1,0.6892528533935547,2366691,4.514104843139648,1
exp2_size_scaling,uniform256,4096,1,huffman,256,2.9343,0.0,11.3744,20.3347,34.6434,4087,0,0.997802734375,0,0.0,1
exp2_size_scaling,uniform256,4096,1,huffman+obst,256,2.2462,2244.2643,20.2102,17.2569,2283.9775999999997,4087,0,0.997802734375,28203,6.885498046875,1
exp2_size_scaling,uniform256,4096,2,huffman,256,2.5769,0.0,11.4102,20.1247,34.1118,4090,7,0.99853515625,0,0.0,1
exp2_size_scaling,uniform256,4096,2,huffman+obst,256,2.2411,2243.1939,20.6858,17.2445,2283.3653000000004,4090,7,0.99853515625,28297,6.908447265625,1
exp2_size_scaling,uniform256,4096,3,huffman,256,2.3026,0.0,11.5803,17.1765,31.0594,4086,6,0.99755859375,0,0.0,1
exp2_size_scaling,uniform256,4096,3,huffman+obst,256,2.2212,2287.0446,23.8633,19.3542,2332.4833000000003,4086,6,0.99755859375,28195,6.883544921875,1
exp2_size_scaling,uniform256,4096,4,huffman,256,2.2512,0.0,11.327,18.0973,31.6755,4084,6,0.9970703125,0,0.0,1
exp2_size_scaling,uniform256,4096,4,huffman+obst,256,2.2389,2218.8977,20.0197,17.5043,2258.6605999999997,4084,6,0.9970703125,28218,6.88916015625,1
exp2_size_scaling,uniform256,4096,5,huffman,256,2.2235,0.0,11.3386,17.395,30.957099999999997,4087,0,0.997802734375,0,0.0,1
exp2_size_scaling,uniform256,4096,5,huffman+obst,256,2.2239,2205.1118,20.0489,20.8439,2248.2284999999997,4087,0,0.997802734375,28251,6.897216796875,1
exp2_size_scaling,uniform256,4096,6,huffman,256,2.2355,0.0,11.6014,17.1386,30.9755,4085,3,0.997314453125,0,0.0,1
exp2_size_scaling,uniform256,4096,6,huffman+obst,256,2.1949,2246.538,19.9018,17.7815,2286.4162,4085,3,0.997314453125,28181,6.880126953125,1
exp2_size_scaling,uniform256,4096,7,huffman,256,2.3589,0.0,11.3803,17.0952,30.8344,4088,3,0.998046875,0,0.0,1
exp2_size_scaling,uniform256,4096,7,huffman+obst,256,2.2582,2217.3753,20.3476,17.1213,2257.1024,4088,3,0.998046875,28309,6.911376953125,1
exp2_size_scaling,uniform256,8192,1,huffman,256,2.2246,0.0,22.6101,35.37,60.204699999999995,8189,2,0.9996337890625,0,0.0,1
exp2_size_scaling,uniform256,8192,1,huffman+obst,256,2.2802,1990.7851,33.9521,29.0891,2056.1065,8189,2,0.9996337890625,57022,6.960693359375,1
exp2_size_scaling,uniform256,8192,2,huffman,256,1.8959,0.0,19.2246,28.9578,50.0783,8190,0,0.999755859375,0,0.0,1
exp2_size_scaling,uniform256,8192,2,huffman+obst,256,1.8989,2475.9828,40.109,34.8835,2552.8742,8190,0,0.999755859375,56997,6.9576416015625,1
exp2_size_scaling,uniform256,8192,3,huffman,256,2.2282,0.0,23.2642,35.8814,61.3738,8190,0,0.999755859375,0,0.0,1
exp2_size_scaling,uniform256,8192,3,huffman+obst,256,2.2923,2266.9746,40.0789,34.1385,2343.4843,8190,0,0.999755859375,56988,6.95654296875,1
exp2_size_scaling,uniform256,8192,4,huffman,256,2.2795,0.0,23.2727,34.1811,59.7333,8189,5,0.9996337890625,0,0.0,1
exp2_size_scaling,uniform256,8192,4,huffman+obst,256,2.2581,2233.3905,40.1747,35.0312,2310.8545,8189,5,0.9996337890625,56980,6.95556640625,1
exp2_size_scaling,uniform256,8192,5,huffman,256,2.2737,0.0,22.5849,34.4171,59.2757,8188,4,0.99951171875,0,0.0,1
exp2_size_scaling,uniform256,8192,5,huffman+obst,256,2.2425,2203.423,40.386,34.1819,2280.2333999999996,8188,4,0.99951171875,57018,6.960205078125,1
exp2_size_scaling,uniform256,8192,6,huffman,256,2.2246,0.0,22.6761,35.8353,60.736,8191,7,0.9998779296875,0,0.0,1
exp2_size_scaling,uniform256,8192,6,huffman+obst,256,2.2366,2209.2101,39.9149,34.2842,2285.6458000000002,8191,7,0.9998779296875,56999,6.9578857421875,1
exp2_size_scaling,uniform256,8192,7,huffman,256,2.2682,0.0,23.0428,34.2432,59.5542,8188,6,0.99951171875,0,0.0,1
exp2_size_scaling,uniform256,8192,7,huffman+obst,256,2.329,2242.6429,40.8885,34.2249,2320.0853,8188,6,0.99951171875,56927,6.9490966796875,1
exp2_size_scaling,uniform256,16384,1,huffman,256,2.2583,0.0,48.0653,68.3133,118.6369,16384,0,1.0,0,0.0,1
exp2_size_scaling,uniform256,16384,1,huffman+obst,256,2.269,2221.867,80.2122,68.8351,2373.1832999999997,16384,0,1.0,114597,6.99444580078125,1
exp2_size_scaling,uniform256,16384,2,huffman,256,2.4196,0.0,45.9615,70.211,118.5921,16384,4,1.0,0,0.0,1
exp2_size_scaling,uniform256,16384,2,huffman+obst,256,2.2384,2234.9845,80.0131,68.7218,2385.9578,16384,4,1.0,114553,6.99176025390625,1
exp2_size_scaling,uniform256,16384,3,huffman,256,2.3801,0.0,45.4771,69.952,117.8092,16384,2,1.0,0,0.0,1
exp2_size_scaling,uniform256,16384,3,huffman+obst,256,2.2383,2214.9583,79.8269,69.1538,2366.1773,16384,2,1.0,114379,6.98114013671875,1
exp2_size_scaling,uniform256,16384,4,huffman,256,2.247,0.0,45.8555,68.357,116.45949999999999,16383,2,0.99993896484375,0,0.0,1
exp2_size_scaling,uniform256,16384,4,huffman+obst,256,2.3052,2217.7216,80.3033,69.1312,2369.4612999999995,16383,2,0.99993896484375,114540,6.990966796875,1
exp2_size_scaling,uniform256,16384,5,huffman,256,2.2617,0.0,45.9604,68.3922,116.6143,16384,1,1.0,0,0.0,1
exp2_size_scaling,uniform256,16384,5,huffman+obst,256,2.2301,2218.2283,79.7714,74.0932,2374.3230000000003,16384,1,1.0,114592,6.994140625,1
exp2_size_scaling,uniform256,16384,6,huffman,256,2.236,0.0,44.7989,67.7822,114.81710000000001,16384,0,1.0,0,0.0,1
exp2_size_scaling,uniform256,16384,6,huffman+obst,256,2.2835,2130.9479,67.4536,58.0099,2258.6949,16384,0,1.0,114632,6.99658203125,1
exp2_size_scaling,uniform256,16384,7,huffman,256,1.9073,0.0,38.0286,57.5511,97.487,16384,0,1.0,0,0.0,1
exp2_size_scaling,uniform256,16384,7,huffman+obst,256,1.8785,2109.3068,79.2696,69.1209,2259.5757999999996,16384,0,1.0,114506,6.9888916015625,1
exp2_size_scaling,uniform256,32768,1,huffman,256,2.271,0.0,89.5273,136.548,228.34629999999999,32768,0,1.0,0,0.0,1
exp2_size_scaling,uniform256,32768,1,huffman+obst,256,2.2995,2241.4719,162.4051,138.2626,2544.4391,32768,0,1.0,229656,7.008544921875,1
exp2_size_scaling,uniform256,32768,2,huffman,256,2.2722,0.0,91.6929,139.853,233.81810000000002,32768,0,1.0,0,0.0,1
exp2_size_scaling,uniform256,32768,2,huffman+obst,256,2.2554,2270.841,163.9351,138.2382,2575.2697,32768,0,1.0,229774,7.01214599609375,1
exp2_size_scaling,uniform256,32768,3,huffman,256,2.2531,0.0,89.7267,140.8328,232.81259999999997,32768,0,1.0,0,0.0,1
exp2_size_scaling,uniform256,32768,3,huffman+obst,256,2.5153,2228.674,159.5979,135.0909,2525.8781000000004,32768,0,1.0,229662,7.00872802734375,1
exp2_size_scaling,uniform256,32768,4,huffman,256,2.2696,0.0,89.4037,135.8662,227.53949999999998,32768,0,1.0,0,0.0,1
exp2_size_scaling,uniform256,32768,4,huffman+obst,256,2.2323,2238.7489,159.7572,136.5421,2537.2805000000003,32768,0,1.0,229764,7.0118408203125,1
exp2_size_scaling,uniform256,32768,5,huffman,256,2.2736,0.0,90.0864,136.0153,228.37529999999998,32768,0,1.0,0,0.0,1
exp2_size_scaling,uniform256,32768,5,huffman+obst,256,2.2976,2218.2735,161.0731,137.0521,2518.6962999999996,32768,0,1.0,229820,7.0135498046875,1
exp2_size_scaling,uniform256,32768,6,huffman,256,2.3283,0.0,89.5731,137.7129,229.6143,32768,0,1.0,0,0.0,1
exp2_size_scaling,uniform256,32768,6,huffman+obst,256,2.2854,2282.3031,160.5199,137.6033,2582.7117,32768,0,1.0,230054,7.02069091796875,1
exp2_size_scaling,uniform256,32768,7,huffman,256,2.2725,0.0,91.1838,135.2265,228.6828,32768,0,1.0,0,0.0,1
exp2_size_scaling,uniform256,32768,7,huffman+obst,256,2.2359,2259.7194,163.6527,137.3351,2562.9431000000004,32768,0,1.0,229788,7.0125732421875,1
exp2_size_scaling,uniform256,65536,1,huffman,256,2.3069,0.0,179.5871,272.635,454.529,65536,0,1.0,0,0.0,1
exp2_size_scaling,uniform256,65536,1,huffman+obst,256,2.2575,2249.2532,320.1112,271.7289,2843.3508,65536,0,1.0,460345,7.0243072509765625,1
exp2_size_scaling,uniform256,65536,2,huffman,256,2.3627,0.0,183.0316,274.5578,459.9521,65536,0,1.0,0,0.0,1
exp2_size_scaling,uniform256,65536,2,huffman+obst,256,2.2744,2225.6041,321.6004,273.5602,2823.0390999999995,65536,0,1.0,460750,7.030487060546875,1
exp2_size_scaling,uniform256,65536,3,huffman,256,1.9308,0.0,157.3478,235.862,395.1406,65536,0,1.0,0,0.0,1
exp2_size_scaling,uniform256,65536,3,huffman+obst,256,2.0786,2041.1565,319.901,271.9349,2635.0710000000004,65536,0,1.0,460247,7.0228118896484375,1
exp2_size_scaling,uniform256,65536,4,huffman,256,2.3368,0.0,181.6854,275.3991,459.4213,65536,0,1.0,0,0.0,1
exp2_size_scaling,uniform256,65536,4,huffman+obst,256,2.3023,2242.182,320.3135,274.3931,2839.1908999999996,65536,0,1.0,460302,7.023651123046875,1
exp2_size_scaling,uniform256,65536,5,huffman,256,2.3474,0.0,180.9254,277.2298,460.50260000000003,65536,0,1.0,0,0.0,1
exp2_size_scaling,uniform256,65536,5,huffman+obst,256,2.2634,2239.8375,325.0775,277.0518,2844.2302,65536,0,1.0,460464,7.026123046875,1
exp2_size_scaling,uniform256,65536,6,huffman,256,2.2658,0.0,186.2155,276.1027,464.58400000000006,65536,0,1.0,0,0.0,1
exp2_size_scaling,uniform256,65536,6,huffman+obst,256,2.244,2237.2354,320.9244,274.7684,2835.1722,65536,0,1.0,460008,7.0191650390625,1
exp2_size_scaling,uniform256,65536,7,huffman,256,2.4185,0.0,181.1392,273.3437,456.90139999999997,65536,0,1.0,0,0.0,1
exp2_size_scaling,uniform256,65536,7,huffman+obst,256,2.329,2286.17,326.6546,272.9373,2888.0909,65536,0,1.0,460589,7.0280303955078125,1
exp2_size_scaling,uniform256,131072,1,huffman,256,2.3317,0.0,365.1553,545.3199,912.8069,131072,0,1.0,0,0.0,1
exp2_size_scaling,uniform256,131072,1,huffman+obst,256,2.2711,2216.1021,649.6582,547.5978,3415.6292,131072,0,1.0,921231,7.028434753417969,1
exp2_size_scaling,uniform256,131072,2,huffman,256,2.2652,0.0,364.277,545.0622,911.6043999999999,131072,0,1.0,0,0.0,1
exp2_size_scaling,uniform256,131072,2,huffman+obst,256,2.256,2214.0915,642.0115,542.942,3401.301,131072,0,1.0,921658,7.0316925048828125,1
exp2_size_scaling,uniform256,131072,3,huffman,256,2.7077,0.0,360.7464,544.2023,907.6564000000001,131072,0,1.0,0,0.0,1
exp2_size_scaling,uniform256,131072,3,huffman+obst,256,2.5927,2216.4398,612.7971,473.5435,3305.3731,131072,0,1.0,921296,7.0289306640625,1
exp2_size_scaling,uniform256,131072,4,huffman,256,1.9336,0.0,307.7594,528.5194,838.2124000000001,131072,0,1.0,0,0.0,1
exp2_size_scaling,uniform256,131072,4,huffman+obst,256,2.3793,2240.6747,651.7202,545.1666,3439.9408,131072,0,1.0,922177,7.035652160644531,1
exp2_size_scaling,uniform256,131072,5,huffman,256,2.277,0.0,364.1677,545.3657,911.8104,131072,0,1.0,0,0.0,1
exp2_size_scaling,uniform256,131072,5,huffman+obst,256,2.2876,2228.9168,640.4521,546.7592,3418.4157,131072,0,1.0,921681,7.031867980957031,1
exp2_size_scaling,uniform256,131072,6,huffman,256,2.2815,0.0,362.0801,543.1297,907.4912999999999,131072,0,1.0,0,0.0,1
exp2_size_scaling,uniform256,131072,6,huffman+obst,256,2.2921,2234.0289,650.5374,548.9476,3435.806,131072,0,1.0,921784,7.03265380859375,1
exp2_size_scaling,uniform256,131072,7,huffman,256,2.3499,0.0,365.4119,548.6149,916.3767,131072,0,1.0,0,0.0,1
exp2_size_scaling,uniform256,131072,7,huffman+obst,256,2.338,2235.6287,638.5254,546.1966,3422.6887000000006,131072,0,1.0,920956,7.026336669921875,1
exp2_size_scaling,uniform256,262144,1,huffman,256,2.3221,0.0,736.0874,1098.2756,1836.6851,262144,0,1.0,0,0.0,1
exp2_size_scaling,uniform256,262144,1,huffman+obst,256,2.415,2227.2605,1290.4592,1099.2938,4619.4285,262144,0,1.0,1843994,7.034278869628906,1
exp2_size_scaling,uniform256,262144,2,huffman,256,2.3032,0.0,725.2974,1099.3982,1826.9988,262144,0,1.0,0,0.0,1
exp2_size_scaling,uniform256,262144,2,huffman+obst,256,2.2934,2116.0856,1167.0226,1095.1051,4380.5067,262144,0,1.0,1844291,7.035411834716797,1
exp2_size_scaling,uniform256,262144,3,huffman,256,2.3165,0.0,725.1064,1108.898,1836.3209,262144,0,1.0,0,0.0,1
exp2_size_scaling,uniform256,262144,3,huffman+obst,256,2.2931,2243.2379,1283.6467,1097.4081,4626.585800000001,262144,0,1.0,1843922,7.034004211425781,1
exp2_size_scaling,uniform256,262144,4,huffman,256,2.3303,0.0,722.5298,1090.6077,1815.4678,262144,0,1.0,0,0.0,1
exp2_size_scaling,uniform256,262144,4,huffman+obst,256,2.3055,2219.9688,1282.8243,1091.1189,4596.217500000001,262144,0,1.0,1843867,7.033794403076172,1
exp2_size_scaling,uniform256,262144,5,huffman,256,2.3704,0.0,719.1932,1097.1911,1818.7547,262144,0,1.0,0,0.0,1
exp2_size_scaling,uniform256,262144,5,huffman+obst,256,2.301,2255.8592,1283.04,1108.0894,4649.2896,262144,0,1.0,1844240,7.03521728515625,1
exp2_size_scaling,uniform256,262144,6,huffman,256,2.349,0.0,725.4878,1090.2397,1818.0765000000001,262144,0,1.0,0,0.0,1
exp2_size_scaling,uniform256,262144,6,huffman+obst,256,2.2907,2220.8136,1279.4086,934.1864,4436.6993,262144,0,1.0,1843893,7.033893585205078,1
exp2_size_scaling,uniform256,262144,7,huffman,256,6.4951,0.0,1296.6687,1875.0148,3178.1786,262144,0,1.0,0,0.0,1
exp2_size_scaling,uniform256,262144,7,huffman+obst,256,2.8881,2932.9328,1522.9842,1115.4076,5574.2127,262144,0,1.0,1843410,7.032051086425781,1
exp2_size_scaling,uniform256,524288,1,huffman,256,2.3201,0.0,1506.285,2458.4258,3967.0308999999997,524288,0,1.0,0,0.0,1
exp2_size_scaling,uniform256,524288,1,huffman+obst,256,2.3628,2620.7907,2777.097,2349.8141,7750.0646,524288,0,1.0,3689798,7.037731170654297,1
exp2_size_scaling,uniform256,524288,2,huffman,256,2.296,0.0,1586.43,2295.9507,3884.6767,524288,0,1.0,0,0.0,1
exp2_size_scaling,uniform256,524288,2,huffman+obst,256,2.3595,2328.5854,2572.0149,2516.9157,7419.8755,524288,0,1.0,3689019,7.036245346069336,1
exp2_size_scaling,uniform256,524288,3,huffman,256,2.3629,0.0,1463.6796,2225.5056,3691.5481,524288,0,1.0,0,0.0,1
exp2_size_scaling,uniform256,524288,3,huffman+obst,256,2.307,2298.4753,2647.378,2225.5989,7173.7591999999995,524288,0,1.0,3689130,7.036457061767578,1
exp2_size_scaling,uniform256,524288,4,huffman,256,2.362,0.0,1506.9208,2230.4917,3739.7745000000004,524288,0,1.0,0,0.0,1
exp2_size_scaling,uniform256,524288,4,huffman+obst,256,2.3605,2367.1157,2624.5288,2249.8498,7243.854799999999,524288,0,1.0,3688881,7.035982131958008,1
exp2_size_scaling,uniform256,524288,5,huffman,256,2.4626,0.0,1462.5901,2223.1131,3688.1657999999998,524288,0,1.0,0,0.0,1
exp2_size_scaling,uniform256,524288,5,huffman+obst,256,2.4037,2303.9101,2683.6102,2239.2995,7229.2235,524288,0,1.0,3688740,7.035713195800781,1
exp2_size_scaling,uniform256,524288,6,huffman,256,2.3403,0.0,1517.4956,2283.1516,3802.9875,524288,0,1.0,0,0.0,1
exp2_size_scaling,uniform256,524288,6,huffman+obst,256,2.3718,2304.3985,2661.9768,2232.7972,7201.5443,524288,0,1.0,3686855,7.03211784362793,1
exp2_size_scaling,uniform256,524288,7,huffman,256,2.3298,0.0,1493.3085,2245.8282,3741.4665,524288,0,1.0,0,0.0,1
exp2_size_scaling,uniform256,524288,7,huffman+obst,256,2.3702,2238.9315,2603.9948,2244.4557,7089.752200000001,524288,0,1.0,3688873,7.035966873168945,1
exp2_size_scaling,uniform256,1048576,1,huffman,256,2.3243,0.0,2979.001,4463.6521,7444.977400000001,1048576,0,1.0,0,0.0,1
exp2_size_scaling,uniform256,1048576,1,huffman+obst,256,2.3201,2285.689,5382.5978,4513.4283,12184.035199999998,1048576,0,1.0,7378808,7.036979675292969,1
exp2_size_scaling,uniform256,1048576,2,huffman,256,2.347,0.0,2929.1702,4390.5187,7322.0359,1048576,0,1.0,0,0.0,1
exp2_size_scaling,uniform256,1048576,2,huffman+obst,256,2.3764,2237.2554,5143.7868,4534.8604,11918.278999999999,1048576,0,1.0,7378518,7.036703109741211,1
exp2_size_scaling,uniform256,1048576,3,huffman,256,2.3475,0.0,2984.0254,4537.7886,7524.1615,1048576,0,1.0,0,0.0,1
exp2_size_scaling,uniform256,1048576,3,huffman+obst,256,3.2175,2247.1532,5258.6942,4474.8682,11983.9331,1048576,0,1.0,7379232,7.037384033203125,1
exp2_size_scaling,uniform256,1048576,4,huffman,256,2.3074,0.0,2971.8763,4492.751,7466.9347,1048576,0,1.0,0,0.0,1
exp2_size_scaling,uniform256,1048576,4,huffman+obst,256,2.315,2370.6186,5268.9799,4433.7107,12075.6242,1048576,0,1.0,7380226,7.038331985473633,1
exp2_size_scaling,uniform256,1048576,5,huffman,256,2.3956,0.0,2987.3106,4499.8691,7489.5752999999995,1048576,0,1.0,0,0.0,1
exp2_size_scaling,uniform256,1048576,5,huffman+obst,256,2.3448,2324.4369,5393.3163,4548.0197,12268.117699999999,1048576,0,1.0,7380340,7.038440704345703,1
exp2_size_scaling,uniform256,1048576,6,huffman,256,2.346,0.0,2980.7858,4484.2566,7467.3884,1048576,0,1.0,0,0.0,1
exp2_size_scaling,uniform256,1048576,6,huffman+obst,256,2.3246,2269.7348,5304.519,4491.5777,12068.1561,1048576,0,1.0,7377793,7.036011695861816,1
exp2_size_scaling,uniform256,1048576,7,huffman,256,2.3149,0.0,2983.1891,4509.7266,7495.2306,1048576,0,1.0,0,0.0,1
exp2_size_scaling,uniform256,1048576,7,huffman+obst,256,2.3459,2282.2035,5131.8199,4429.6342,11846.0035,1048576,0,1.0,7379486,7.037626266479492,1
exp2_size_scaling,uniform256,2097152,1,huffman,256,2.314,0.0,5848.8684,8762.0793,14613.2617,2097152,0,1.0,0,0.0,1
exp2_size_scaling,uniform256,2097152,1,huffman+obst,256,2.341,1972.0754,9285.0605,8808.3756,20067.8525,2097152,0,1.0,14760166,7.038195610046387,1
exp2_size_scaling,uniform256,2097152,2,huffman,256,2.3191,0.0,5792.6683,7492.2066,13287.194,2097152,0,1.0,0,0.0,1
exp2_size_scaling,uniform256,2097152,2,huffman+obst,256,2.4685,2232.923,10342.3354,8812.6156,21390.3425,2097152,0,1.0,14760074,7.038151741027832,1
exp2_size_scaling,uniform256,2097152,3,huffman,256,1.9841,0.0,5020.3407,8744.7199,13767.044699999999,2097152,0,1.0,0,0.0,1
exp2_size_scaling,uniform256,2097152,3,huffman+obst,256,2.3644,2211.7694,10342.5758,7505.683,20062.3926,2097152,0,1.0,14758338,7.037323951721191,1
exp2_size_scaling,uniform256,2097152,4,huffman,256,3.1154,0.0,5807.5443,8822.5993,14633.258999999998,2097152,0,1.0,0,0.0,1
exp2_size_scaling,uniform256,2097152,4,huffman+obst,256,2.4047,2241.8921,9159.8344,8780.1166,20184.247799999997,2097152,0,1.0,14759928,7.038082122802734,1
exp2_size_scaling,uniform256,2097152,5,huffman,256,2.3277,0.0,5791.9335,8619.411,14413.6722,2097152,0,1.0,0,0.0,1
exp2_size_scaling,uniform256,2097152,5,huffman+obst,256,2.3217,2232.4067,10380.5139,8798.9336,21414.175900000002,2097152,0,1.0,14759083,7.037679195404053,1
exp2_size_scaling,uniform256,2097152,6,huffman,256,1.9766,0.0,5738.2624,8810.1878,14550.4268,2097152,0,1.0,0,0.0,1
exp2_size_scaling,uniform256,2097152,6,huffman+obst,256,2.3666,2220.3052,10326.4937,8509.8994,21059.0649,2097152,0,1.0,14759376,7.037818908691406,1
exp2_size_scaling,uniform256,2097152,7,huffman,256,2.3722,0.0,5821.2211,13413.0242,19236.6175,2097152,0,1.0,0,0.0,1
exp2_size_scaling,uniform256,2097152,7,huffman+obst,256,2.5172,4390.9941,15004.4384,8750.9154,28148.865099999995,2097152,0,1.0,14759806,7.038023948669434,1
exp2_size_scaling,uniform256,4194304,1,huffman,256,2.3146,0.0,11710.4024,17300.9703,29013.6873,4194304,0,1.0,0,0.0,1
exp2_size_scaling,uniform256,4194304,1,huffman+obst,256,2.3141,2296.0146,20416.9035,17571.6164,40286.8486,4194304,0,1.0,29517873,7.037609338760376,1
exp2_size_scaling,uniform256,4194304,2,huffman,256,2.3282,0.0,11728.8124,17658.3586,29389.4992,4194304,0,1.0,0,0.0,1
exp2_size_scaling,uniform256,4194304,2,huffman+obst,256,2.3297,2230.1952,20419.8149,17371.9151,40024.2549,4194304,0,1.0,29518747,7.037817716598511,1
exp2_size_scaling,uniform256,4194304,3,huffman,256,2.3613,0.0,11627.3419,17344.2039,28973.9071,4194304,0,1.0,0,0.0,1
exp2_size_scaling,uniform256,4194304,3,huffman+obst,256,2.3123,2246.507,20487.2703,17793.8417,40529.9313,4194304,0,1.0,29518247,7.03769850730896,1
exp2_size_scaling,uniform256,4194304,4,huffman,256,2.3737,0.0,11572.3905,17369.2034,28943.967599999996,4194304,0,1.0,0,0.0,1
exp2_size_scaling,uniform256,4194304,4,huffman+obst,256,2.9195,2243.3224,20643.5854,17451.3292,40341.1565,4194304,0,1.0,29520199,7.038163900375366,1
exp2_size_scaling,uniform256,4194304,5,huffman,256,2.4011,0.0,11482.1442,17582.8179,29067.3632,4194304,0,1.0,0,0.0,1
exp2_size_scaling,uniform256,4194304,5,huffman+obst,256,2.306,2230.9914,20412.8318,17354.8797,40001.0089,4194304,0,1.0,29518819,7.037834882736206,1
exp2_size_scaling,uniform256,4194304,6,huffman,256,2.3337,0.0,11622.7483,17255.093,28880.175,4194304,0,1.0,0,0.0,1
exp2_size_scaling,uniform256,4194304,6,huffman+obst,256,2.3638,2269.1342,20375.5263,17564.5955,40211.6198,4194304,0,1.0,29519385,7.0379698276519775,1
exp2_size_scaling,uniform256,4194304,7,huffman,256,1.9876,0.0,11375.0051,17632.3572,29009.3499,4194304,0,1.0,0,0.0,1
exp2_size_scaling,uniform256,4194304,7,huffman+obst,256,2.0027,2014.4139,20856.1633,17390.4085,40262.9884,4194304,0,1.0,29522277,7.038659334182739,1
exp2_size_scaling,uniform256,8388608,1,huffman,256,2.3571,0.0,23005.4847,34881.931,57889.7728,8388608,0,1.0,0,0.0,1
exp2_size_scaling,uniform256,8388608,1,huffman+obst,256,2.3386,2231.6539,40914.0771,34870.9282,78018.99780000001,8388608,0,1.0,59042522,7.038417100906372,1
exp2_size_scaling,uniform256,8388608,2,huffman,256,2.3833,0.0,23423.6513,34902.8879,58328.9225,8388608,0,1.0,0,0.0,1
exp2_size_scaling,uniform256,8388608,2,huffman+obst,256,2.3579,2213.704,40993.9243,34926.5859,78136.57209999999,8388608,0,1.0,59040380,7.038161754608154,1
exp2_size_scaling,uniform256,8388608,3,huffman,256,2.357,0.0,23081.2842,34772.0775,57855.7187,8388608,0,1.0,0,0.0,1
exp2_size_scaling,uniform256,8388608,3,huffman+obst,256,2.3309,2223.23,40997.3497,34939.0737,78161.9843,8388608,0,1.0,59042427,7.038405776023865,1
exp2_size_scaling,uniform256,8388608,4,huffman,256,2.332,0.0,23589.841,34849.3828,58441.5558,8388608,0,1.0,0,0.0,1
exp2_size_scaling,uniform256,8388608,4,huffman+obst,256,2.3186,2223.9964,41548.1208,35862.7386,79637.17439999999,8388608,0,1.0,59045056,7.038719177246094,1
exp2_size_scaling,uniform256,8388608,5,huffman,256,2.3455,0.0,22631.7274,34713.6792,57347.7521,8388608,0,1.0,0,0.0,1
exp2_size_scaling,uniform256,8388608,5,huffman+obst,256,2.3794,2214.8409,40884.0275,34943.2348,78044.48259999999,8388608,0,1.0,59041063,7.0382431745529175,1
exp2_size_scaling,uniform256,8388608,6,huffman,256,2.3304,0.0,23033.0914,35020.9534,58056.375199999995,8388608,0,1.0,0,0.0,1
exp2_size_scaling,uniform256,8388608,6,huffman+obst,256,2.3103,2275.341,40716.2134,34909.0436,77902.9083,8388608,0,1.0,59041071,7.038244128227234,1
exp2_size_scaling,uniform256,8388608,7,huffman,256,2.3473,0.0,23110.3247,34840.1009,57952.772899999996,8388608,0,1.0,0,0.0,1
exp2_size_scaling,uniform256,8388608,7,huffman+obst,256,2.3641,2055.0984,40873.8887,34848.7644,77780.1156,8388608,0,1.0,59041445,7.038288712501526,1
exp2_size_scaling,zipf128,4096,1,huffman,127,1.1003,0.0,7.4034,11.8155,20.319200000000002,2458,6,0.60009765625,0,0.0,1
exp2_size_scaling,zipf128,4096,1,huffman+obst,127,1.0655,269.4633,13.3503,11.3043,295.1834,2458,6,0.60009765625,17176,4.193359375,1
exp2_size_scaling,zipf128,4096,2,huffman,126,1.1154,0.0,7.3538,10.6681,19.1373,2434,4,0.59423828125,0,0.0,1
exp2_size_scaling,zipf128,4096,2,huffman+obst,126,1.0445,261.6716,12.9924,10.6151,286.3236,2434,4,0.59423828125,17003,4.151123046875,1
exp2_size_scaling,zipf128,4096,3,huffman,128,1.1272,0.0,7.6877,11.1431,19.958,2516,6,0.6142578125,0,0.0,1
exp2_size_scaling,zipf128,4096,3,huffman+obst,128,1.103,275.6402,13.7855,10.8647,301.39340000000004,2516,6,0.6142578125,17611,4.299560546875,1
exp2_size_scaling,zipf128,4096,4,huffman,128,1.105,0.0,7.504,10.7996,19.4086,2478,3,0.60498046875,0,0.0,1
exp2_size_scaling,zipf128,4096,4,huffman+obst,128,1.0755,272.8794,13.4384,10.6789,298.07219999999995,2478,3,0.60498046875,17330,4.23095703125,1
exp2_size_scaling,zipf128,4096,5,huffman,126,1.1357,0.0,9.3001,10.7596,21.1954,2477,4,0.604736328125,0,0.0,1
exp2_size_scaling,zipf128,4096,5,huffman+obst,126,1.0774,265.9123,13.4006,11.2821,291.67240000000004,2477,4,0.604736328125,17173,4.192626953125,1
exp2_size_scaling,zipf128,4096,6,huffman,128,1.0897,0.0,7.9705,10.8565,19.9167,2451,2,0.598388671875,0,0.0,1
exp2_size_scaling,zipf128,4096,6,huffman+obst,128,1.0808,277.3372,15.6703,11.9041,305.9924,2451,2,0.598388671875,17184,4.1953125,1
exp2_size_scaling,zipf128,4096,7,huffman,126,1.0651,0.0,7.3068,11.8211,20.192999999999998,2472,4,0.603515625,0,0.0,1
exp2_size_scaling,zipf128,4096,7,huffman+obst,126,1.0785,259.6135,13.0807,10.7406,284.51329999999996,2472,4,0.603515625,17273,4.217041015625,1
exp2_size_scaling,zipf128,8192,1,huffman,128,1.0733,0.0,14.7143,21.3197,37.1073,4979,4,0.6077880859375,0,0.0,1
exp2_size_scaling,zipf128,8192,1,huffman+obst,128,1.0768,271.3325,26.2041,21.3892,320.0026,4979,4,0.6077880859375,34959,4.2674560546875,1
exp2_size_scaling,zipf128,8192,2,huffman,128,1.071,0.0,14.6238,21.4113,37.1061,4924,2,0.60107421875,0,0.0,1
exp2_size_scaling,zipf128,8192,2,huffman+obst,128,1.0801,273.4348,26.108,22.1804,322.80330000000004,4924,2,0.60107421875,34507,4.2122802734375,1
exp2_size_scaling,zipf128,8192,3,huffman,128,1.1022,0.0,14.8056,21.1426,37.0504,4912,5,0.599609375,0,0.0,1
exp2_size_scaling,zipf128,8192,3,huffman+obst,128,1.0821,275.3488,25.9523,21.1405,323.52369999999996,4912,5,0.599609375,34422,4.201904296875,1
exp2_size_scaling,zipf128,8192,4,huffman,128,1.139,0.0,14.5299,21.3748,37.0437,4919,6,0.6004638671875,0,0.0,1
exp2_size_scaling,zipf128,8192,4,huffman+obst,128,1.0754,271.0083,25.9624,21.1855,319.2316,4919,6,0.6004638671875,34552,4.2177734375,1
exp2_size_scaling,zipf128,8192,5,huffman,128,1.1182,0.0,14.9747,21.4495,37.5424,4950,0,0.604248046875,0,0.0,1
exp2_size_scaling,zipf128,8192,5,huffman+obst,128,1.0792,274.8994,26.4322,21.5677,323.97850000000005,4950,0,0.604248046875,34766,4.243896484375,1
exp2_size_scaling,zipf128,8192,6,huffman,128,1.0712,0.0,14.6001,21.1715,36.8428,4913,4,0.5997314453125,0,0.0,1
exp2_size_scaling,zipf128,8192,6,huffman+obst,128,1.0969,268.4353,26.4321,21.1066,317.0709,4913,4,0.5997314453125,34533,4.2154541015625,1
exp2_size_scaling,zipf128,8192,7,huffman,128,1.115,0.0,14.7255,21.3892,37.2297,4956,0,0.60498046875,0,0.0,1
exp2_size_scaling,zipf128,8192,7,huffman+obst,128,1.0675,273.3204,26.2727,21.3333,321.9939,4956,0,0.60498046875,34795,4.2474365234375,1
exp2_size_scaling,zipf128,16384,1,huffman,128,1.1082,0.0,29.5543,42.7023,73.3648,9881,3,0.60308837890625,0,0.0,1
exp2_size_scaling,zipf128,16384,1,huffman+obst,128,1.0785,273.9124,52.5877,43.3686,370.9472,9881,3,0.60308837890625,69724,4.255615234375,1
exp2_size_scaling,zipf128,16384,2,huffman,128,1.1057,0.0,30.2158,43.6208,74.9423,9942,5,0.6068115234375,0,0.0,1
exp2_size_scaling,zipf128,16384,2,huffman+obst,128,1.1079,275.0769,52.5908,44.2443,373.0199,9942,5,0.6068115234375,70052,4.275634765625,1
exp2_size_scaling,zipf128,16384,3,huffman,128,1.0909,0.0,32.5314,43.0478,76.67009999999999,9945,2,0.60699462890625,0,0.0,1
exp2_size_scaling,zipf128,16384,3,huffman+obst,128,1.1001,275.8978,54.0817,42.9405,374.0201,9945,2,0.60699462890625,70035,4.27459716796875,1
exp2_size_scaling,zipf128,16384,4,huffman,128,1.0792,0.0,29.687,42.8152,73.5814,9922,2,0.6055908203125,0,0.0,1
exp2_size_scaling,zipf128,16384,4,huffman+obst,128,1.09,273.7645,52.2461,43.0264,370.127,9922,2,0.6055908203125,69903,4.26654052734375,1
exp2_size_scaling,zipf128,16384,5,huffman,128,1.0994,0.0,29.9155,44.4624,75.4773,9844,7,0.600830078125,0,0.0,1
exp2_size_scaling,zipf128,16384,5,huffman+obst,128,1.121,269.9812,52.4815,43.0044,366.58809999999994,9844,7,0.600830078125,69270,4.2279052734375,1
exp2_size_scaling,zipf128,16384,6,huffman,128,1.0959,0.0,30.4863,42.5948,74.17699999999999,9900,1,0.604248046875,0,0.0,1
exp2_size_scaling,zipf128,16384,6,huffman+obst,128,1.0794,270.6043,52.1989,43.1889,367.0715,9900,1,0.604248046875,69645,4.25079345703125,1
exp2_size_scaling,zipf128,16384,7,huffman,128,1.0932,0.0,29.3147,45.5706,75.9785,9916,4,0.605224609375,0,0.0,1
exp2_size_scaling,zipf128,16384,7,huffman+obst,128,1.0895,271.2331,53.4147,42.8782,368.61549999999994,9916,4,0.605224609375,69891,4.26580810546875,1
exp2_size_scaling,zipf128,32768,1,huffman,128,1.1007,0.0,58.2463,85.3786,144.72560000000001,19726,6,0.60198974609375,0,0.0,1
exp2_size_scaling,zipf128,32768,1,huffman+obst,128,1.1004,275.8551,107.8955,85.5646,470.4156,19726,6,0.60198974609375,139407,4.254364013671875,1
exp2_size_scaling,zipf128,32768,2,huffman,128,1.0938,0.0,59.883,86.0638,147.0406,19887,4,0.606903076171875,0,0.0,1
exp2_size_scaling,zipf128,32768,2,huffman+obst,128,1.1022,277.9103,107.0937,85.9894,472.0956,19887,4,0.606903076171875,140261,4.280426025390625,1
exp2_size_scaling,zipf128,32768,3,huffman,128,1.117,0.0,58.4967,88.6652,148.2789,19843,5,0.605560302734375,0,0.0,1
exp2_size_scaling,zipf128,32768,3,huffman+obst,128,1.087,271.1113,105.6227,87.1167,464.9377,19843,5,0.605560302734375,140294,4.28143310546875,1
exp2_size_scaling,zipf128,32768,4,huffman,128,1.1178,0.0,58.4377,86.0825,145.638,19821,4,0.604888916015625,0,0.0,1
exp2_size_scaling,zipf128,32768,4,huffman+obst,128,1.1039,283.1211,104.6465,87.0894,475.96090000000004,19821,4,0.604888916015625,139881,4.268829345703125,1
exp2_size_scaling,zipf128,32768,5,huffman,128,1.1178,0.0,58.9443,85.6883,145.7504,19741,3,0.602447509765625,0,0.0,1
exp2_size_scaling,zipf128,32768,5,huffman+obst,128,1.1101,278.7463,105.1447,85.1877,470.1888,19741,3,0.602447509765625,138958,4.24066162109375,1
exp2_size_scaling,zipf128,32768,6,huffman,128,1.1101,0.0,63.5,85.0906,149.70069999999998,19789,2,0.603912353515625,0,0.0,1
exp2_size_scaling,zipf128,32768,6,huffman+obst,128,1.1315,272.8275,105.2847,86.4247,465.6684,19789,2,0.603912353515625,139591,4.259979248046875,1
exp2_size_scaling,zipf128,32768,7,huffman,128,1.1194,0.0,60.9133,85.7398,147.7725,19844,6,0.6055908203125,0,0.0,1
exp2_size_scaling,zipf128,32768,7,huffman+obst,128,1.1057,271.5782,105.2287,94.0681,471.9807,19844,6,0.6055908203125,140263,4.280487060546875,1
exp2_size_scaling,zipf128,65536,1,huffman,128,0.9366,0.0,99.8636,145.9642,246.76440000000002,39587,5,0.6040496826171875,0,0.0,1
exp2_size_scaling,zipf128,65536,1,huffman+obst,128,0.9519,227.5265,177.4048,147.4291,553.3123,39587,5,0.6040496826171875,280033,4.2729644775390625,1
exp2_size_scaling,zipf128,65536,2,huffman,128,0.9221,0.0,99.3687,145.1343,245.4251,39607,2,0.6043548583984375,0,0.0,1
exp2_size_scaling,zipf128,65536,2,huffman+obst,128,0.9267,255.1097,210.7368,172.8119,639.5851,39607,2,0.6043548583984375,279965,4.2719268798828125,1
exp2_size_scaling,zipf128,65536,3,huffman,128,1.1245,0.0,118.6573,172.3889,292.1707,39725,3,0.6061553955078125,0,0.0,1
exp2_size_scaling,zipf128,65536,3,huffman+obst,128,1.2264,274.4025,211.3382,172.9204,659.8874999999999,39725,3,0.6061553955078125,280823,4.2850189208984375,1
exp2_size_scaling,zipf128,65536,4,huffman,128,1.137,0.0,118.2777,175.7827,295.1974,39764,0,0.60675048828125,0,0.0,1
exp2_size_scaling,zipf128,65536,4,huffman+obst,128,1.1212,273.3118,215.579,173.347,663.359,39764,0,0.60675048828125,281088,4.2890625,1
exp2_size_scaling,zipf128,65536,5,huffman,128,1.1262,0.0,123.5304,178.7204,303.377,39633,4,0.6047515869140625,0,0.0,1
exp2_size_scaling,zipf128,65536,5,huffman+obst,128,1.1202,273.0348,213.8307,170.5421,658.5278000000001,39633,4,0.6047515869140625,280007,4.2725677490234375,1
exp2_size_scaling,zipf128,65536,6,huffman,128,1.1165,0.0,118.1467,173.1158,292.379,39651,5,0.6050262451171875,0,0.0,1
exp2_size_scaling,zipf128,65536,6,huffman+obst,128,1.095,284.9251,213.4469,173.9929,673.4599,39651,5,0.6050262451171875,280144,4.274658203125,1
exp2_size_scaling,zipf128,65536,7,huffman,128,1.1292,0.0,117.5158,171.1613,289.8063,39752,1,0.6065673828125,0,0.0,1
exp2_size_scaling,zipf128,65536,7,huffman+obst,128,1.1092,278.2172,211.0519,172.1311,662.5093999999999,39752,1,0.6065673828125,280954,4.287017822265625,1
exp2_size_scaling,zipf128,131072,1,huffman,128,1.1845,0.0,244.0188,342.4717,587.675,79342,7,0.6053314208984375,0,0.0,1
exp2_size_scaling,zipf128,131072,1,huffman+obst,128,1.1241,273.1144,422.2848,342.9059,1039.4292,79342,7,0.6053314208984375,561357,4.282814025878906,1
exp2_size_scaling,zipf128,131072,2,huffman,128,1.117,0.0,237.1838,342.0092,580.31,79194,1,0.6042022705078125,0,0.0,1
exp2_size_scaling,zipf128,131072,2,huffman+obst,128,1.1161,273.9149,426.4745,343.4361,1044.9416,79194,1,0.6042022705078125,560005,4.272499084472656,1
exp2_size_scaling,zipf128,131072,3,huffman,128,1.1195,0.0,236.0107,343.7812,580.9114,79204,1,0.604278564453125,0,0.0,1
exp2_size_scaling,zipf128,131072,3,huffman+obst,128,1.1244,270.9756,422.8136,344.3672,1039.2808,79204,1,0.604278564453125,560676,4.277618408203125,1
exp2_size_scaling,zipf128,131072,4,huffman,128,1.1211,0.0,238.0077,349.4029,588.5317,79147,5,0.6038436889648438,0,0.0,1
exp2_size_scaling,zipf128,131072,4,huffman+obst,128,1.1176,272.7606,419.6283,341.7613,1035.2678,79147,5,0.6038436889648438,559880,4.27154541015625,1
exp2_size_scaling,zipf128,131072,5,huffman,128,1.1161,0.0,236.6531,346.8668,584.636,79426,1,0.6059722900390625,0,0.0,1
exp2_size_scaling,zipf128,131072,5,huffman+obst,128,1.1365,271.2819,424.1199,358.4421,1054.9804,79426,1,0.6059722900390625,561757,4.285865783691406,1
exp2_size_scaling,zipf128,131072,6,huffman,128,1.1628,0.0,240.9666,344.0411,586.1705,79232,5,0.6044921875,0,0.0,1
exp2_size_scaling,zipf128,131072,6,huffman+obst,128,1.4252,276.4495,420.9944,343.9853,1042.8544,79232,5,0.6044921875,560242,4.2743072509765625,1
exp2_size_scaling,zipf128,131072,7,huffman,128,1.1321,0.0,236.0282,343.4513,580.6116,79358,2,0.6054534912109375,0,0.0,1
exp2_size_scaling,zipf128,131072,7,huffman+obst,128,1.1326,270.0236,420.0778,343.3411,1034.5751,79358,2,0.6054534912109375,561393,4.283088684082031,1
exp2_size_scaling,zipf128,262144,1,huffman,128,1.1774,0.0,472.2566,686.7906,1160.2246,158688,3,0.6053466796875,0,0.0,1
exp2_size_scaling,zipf128,262144,1,huffman+obst,128,1.1367,272.0454,855.2298,686.9725,1815.3844,158688,3,0.6053466796875,1123108,4.2843170166015625,1
exp2_size_scaling,zipf128,262144,2,huffman,128,1.1428,0.0,471.5732,685.9137,1158.6297,158498,1,0.6046218872070312,0,0.0,1
exp2_size_scaling,zipf128,262144,2,huffman+obst,128,1.1267,278.1538,882.3987,710.82,1872.4992000000002,158498,1,0.6046218872070312,1120931,4.276012420654297,1
exp2_size_scaling,zipf128,262144,3,huffman,128,1.1111,0.0,469.9997,592.9622,1064.073,158545,1,0.6048011779785156,0,0.0,1
exp2_size_scaling,zipf128,262144,3,huffman+obst,128,1.0985,248.8404,773.0276,685.5721,1708.5385999999999,158545,1,0.6048011779785156,1122831,4.283260345458984,1
exp2_size_scaling,zipf128,262144,4,huffman,128,1.1289,0.0,474.9084,682.9102,1158.9475,158370,1,0.6041336059570312,0,0.0,1
exp2_size_scaling,zipf128,262144,4,huffman+obst,128,1.1697,276.8347,837.2687,686.1076,1801.3807,158370,1,0.6041336059570312,1121108,4.2766876220703125,1
exp2_size_scaling,zipf128,262144,5,huffman,128,1.1448,0.0,470.8488,685.587,1157.5806,158358,7,0.6040878295898438,0,0.0,1
exp2_size_scaling,zipf128,262144,5,huffman+obst,128,1.1372,271.4362,845.9594,684.746,1803.2788,158358,7,0.6040878295898438,1120770,4.275398254394531,1
exp2_size_scaling,zipf128,262144,6,huffman,128,1.1308,0.0,472.5831,686.4539,1160.1678,158741,4,0.6055488586425781,0,0.0,1
exp2_size_scaling,zipf128,262144,6,huffman+obst,128,1.1218,273.6296,846.7885,689.7276,1811.2675,158741,4,0.6055488586425781,1123196,4.2846527099609375,1
exp2_size_scaling,zipf128,262144,7,huffman,128,1.1215,0.0,470.6981,686.762,1158.5816,158708,6,0.6054229736328125,0,0.0,1
exp2_size_scaling,zipf128,262144,7,huffman+obst,128,1.1217,280.7771,857.6721,695.0533,1834.6242,158708,6,0.6054229736328125,1122660,4.2826080322265625,1
exp2_size_scaling,zipf128,524288,1,huffman,128,1.1284,0.0,960.4031,1388.2931,2349.8246,317120,1,0.6048583984375,0,0.0,1
exp2_size_scaling,zipf128,524288,1,huffman+obst,128,1.1267,274.5869,1692.6585,1381.752,3350.1241,317120,1,0.6048583984375,2246328,4.2845306396484375,1
exp2_size_scaling,zipf128,524288,2,huffman,128,1.1252,0.0,945.4068,1383.8323,2330.3643,317150,4,0.6049156188964844,0,0.0,1
exp2_size_scaling,zipf128,524288,2,huffman+obst,128,1.1194,277.0587,1689.5076,1174.2986,3141.9843,317150,4,0.6049156188964844,2245903,4.283720016479492,1
exp2_size_scaling,zipf128,524288,3,huffman,128,1.1562,0.0,943.8034,1377.8535,2322.8131,317261,7,0.6051273345947266,0,0.0,1
exp2_size_scaling,zipf128,524288,3,huffman+obst,128,1.1223,273.3402,1695.0158,1377.6019,3347.0801999999994,317261,7,0.6051273345947266,2246567,4.28498649597168,1
exp2_size_scaling,zipf128,524288,4,huffman,128,1.1454,0.0,945.3806,1376.9893,2323.5153,316826,2,0.6042976379394531,0,0.0,1
exp2_size_scaling,zipf128,524288,4,huffman+obst,128,1.1359,271.6979,1682.1136,1372.3903,3327.3377,316826,2,0.6042976379394531,2243840,4.27978515625,1
exp2_size_scaling,zipf128,524288,5,huffman,128,1.136,0.0,942.506,1372.9773,2316.6193,317132,3,0.6048812866210938,0,0.0,1
exp2_size_scaling,zipf128,524288,5,huffman+obst,128,1.1503,270.7831,1687.8969,1386.5271,3346.3574,317132,3,0.6048812866210938,2245551,4.283048629760742,1
exp2_size_scaling,zipf128,524288,6,huffman,128,1.1591,0.0,945.4826,1376.0621,2322.7038000000002,317350,5,0.6052970886230469,0,0.0,1
exp2_size_scaling,zipf128,524288,6,huffman+obst,128,1.1347,273.0176,1715.9482,1430.7587,3420.8592,317350,5,0.6052970886230469,2247900,4.287528991699219,1
exp2_size_scaling,zipf128,524288,7,huffman,128,0.9704,0.0,861.2539,1384.8829,2247.1072000000004,317288,7,0.6051788330078125,0,0.0,1
exp2_size_scaling,zipf128,524288,7,huffman+obst,128,1.1191,274.2997,1684.1142,1378.5177,3338.0507,317288,7,0.6051788330078125,2246431,4.284727096557617,1
exp2_size_scaling,zipf128,1048576,1,huffman,128,1.1767,0.0,1889.2568,2785.0028,4675.4363,634500,1,0.6051063537597656,0,0.0,1
exp2_size_scaling,zipf128,1048576,1,huffman+obst,128,1.1894,274.7278,3383.2315,2772.6286,6431.7773,634500,1,0.6051063537597656,4494714,4.286493301391602,1
exp2_size_scaling,zipf128,1048576,2,huffman,128,1.1402,0.0,1896.1122,2772.5187,4669.7711,634401,7,0.6050119400024414,0,0.0,1
exp2_size_scaling,zipf128,1048576,2,huffman+obst,128,1.2157,283.1401,3434.5569,2865.4521,6584.364799999999,634401,7,0.6050119400024414,4493531,4.285365104675293,1
exp2_size_scaling,zipf128,1048576,3,huffman,128,1.1349,0.0,1883.6009,2745.6987,4630.434499999999,633834,2,0.6044712066650391,0,0.0,1
exp2_size_scaling,zipf128,1048576,3,huffman+obst,128,1.1308,275.9103,3368.1341,2757.5711,6402.746300000001,633834,2,0.6044712066650391,4489853,4.281857490539551,1
exp2_size_scaling,zipf128,1048576,4,huffman,128,1.1237,0.0,1884.5184,2761.2266,4646.8687,633821,2,0.6044588088989258,0,0.0,1
exp2_size_scaling,zipf128,1048576,4,huffman+obst,128,1.1102,270.7399,3413.6534,2520.5951,6206.0986,633821,2,0.6044588088989258,4489858,4.281862258911133,1
exp2_size_scaling,zipf128,1048576,5,huffman,128,1.1384,0.0,1880.6587,2786.5132,4668.3103,634023,1,0.6046514511108398,0,0.0,1
exp2_size_scaling,zipf128,1048576,5,huffman+obst,128,1.1135,279.337,3400.4018,2773.6975,6454.549800000001,634023,1,0.6046514511108398,4490837,4.2827959060668945,1
exp2_size_scaling,zipf128,1048576,6,huffman,128,1.1269,0.0,1909.0563,2763.8964,4674.0796,634412,5,0.6050224304199219,0,0.0,1
exp2_size_scaling,zipf128,1048576,6,huffman+obst,128,1.1332,272.3214,3397.5046,2766.2841,6437.2433,634412,5,0.6050224304199219,4494212,4.286014556884766,1
exp2_size_scaling,zipf128,1048576,7,huffman,128,1.1893,0.0,1908.8682,2805.1671,4715.2246,634141,1,0.6047639846801758,0,0.0,1
exp2_size_scaling,zipf128,1048576,7,huffman+obst,128,1.1487,272.8462,3369.2803,2751.5771,6394.8523000000005,634141,1,0.6047639846801758,4491669,4.2835893630981445,1
exp2_size_scaling,zipf128,2097152,1,huffman,128,1.2044,0.0,3842.8224,5588.9853,9433.0121,1269683,7,0.6054320335388184,0,0.0,1
exp2_size_scaling,zipf128,2097152,1,huffman+obst,128,1.1478,269.4746,6516.735,5537.519,12324.876400000001,1269683,7,0.6054320335388184,8995108,4.289201736450195,1
exp2_size_scaling,zipf128,2097152,2,huffman,128,1.1506,0.0,3811.5755,5557.2372,9369.9633,1269722,4,0.6054506301879883,0,0.0,1
exp2_size_scaling,zipf128,2097152,2,huffman+obst,128,1.1291,273.0205,6553.1375,5523.3192,12350.6063,1269722,4,0.6054506301879883,8992349,4.287886142730713,1
exp2_size_scaling,zipf128,2097152,3,huffman,128,1.1282,0.0,3780.1504,5510.0255,9291.3041,1268345,1,0.6047940254211426,0,0.0,1
exp2_size_scaling,zipf128,2097152,3,huffman+obst,128,1.134,272.9168,6704.2354,5334.3954,12312.6816,1268345,1,0.6047940254211426,8985222,4.284487724304199,1
exp2_size_scaling,zipf128,2097152,4,huffman,128,1.1533,0.0,3789.2325,5614.7874,9405.173200000001,1269106,6,0.6051568984985352,0,0.0,1
exp2_size_scaling,zipf128,2097152,4,huffman+obst,128,1.1372,283.5716,7704.2503,5719.4737,13708.432799999999,1269106,6,0.6051568984985352,8989734,4.286639213562012,1
exp2_size_scaling,zipf128,2097152,5,huffman,128,2.8104,0.0,4595.9912,5505.0701,10103.8717,1268610,7,0.6049203872680664,0,0.0,1
exp2_size_scaling,zipf128,2097152,5,huffman+obst,128,1.1875,270.2817,6750.807,4972.7963,11995.0725,1268610,7,0.6049203872680664,8986975,4.285323619842529,1
exp2_size_scaling,zipf128,2097152,6,huffman,128,1.1245,0.0,3787.2699,5532.4176,9320.812,1268686,2,0.6049566268920898,0,0.0,1
exp2_size_scaling,zipf128,2097152,6,huffman+obst,128,1.1352,276.1481,6656.7937,5287.0452,12221.1222,1268686,2,0.6049566268920898,8987966,4.285796165466309,1
exp2_size_scaling,zipf128,2097152,7,huffman,128,1.0876,0.0,3617.1831,5293.0849,8911.355599999999,1268976,3,0.6050949096679688,0,0.0,1
exp2_size_scaling,zipf128,2097152,7,huffman+obst,128,1.0771,262.3494,6460.3836,5294.0618,12017.8719,1268976,3,0.6050949096679688,8989372,4.286466598510742,1
exp2_size_scaling,zipf128,4194304,1,huffman,128,1.0754,0.0,7297.9063,10574.4751,17873.4568,2536162,5,0.604668140411377,0,0.0,1
exp2_size_scaling,zipf128,4194304,1,huffman+obst,128,1.0671,310.5858,12805.3674,10600.2318,23717.252099999998,2536162,5,0.604668140411377,17966813,4.2836220264434814,1
exp2_size_scaling,zipf128,4194304,2,huffman,128,1.0746,0.0,7024.6315,10561.361,17587.0671,2537439,2,0.6049726009368896,0,0.0,1
exp2_size_scaling,zipf128,4194304,2,huffman+obst,128,1.069,260.7664,12949.0557,10408.5723,23619.4634,2537439,2,0.6049726009368896,17978698,4.2864556312561035,1
exp2_size_scaling,zipf128,4194304,3,huffman,128,1.0667,0.0,7267.7736,10296.2402,17565.0805,2537653,1,0.6050236225128174,0,0.0,1
exp2_size_scaling,zipf128,4194304,3,huffman+obst,128,1.1176,258.1775,12961.656,10335.3139,23556.265,2537653,1,0.6050236225128174,17978433,4.286392450332642,1
exp2_size_scaling,zipf128,4194304,4,huffman,128,1.0634,0.0,7240.8862,10554.5168,17796.466399999998,2537626,0,0.6050171852111816,0,0.0,1
exp2_size_scaling,zipf128,4194304,4,huffman+obst,128,0.9137,215.6909,12955.6877,10630.4979,23802.790200000003,2537626,0,0.6050171852111816,17977270,4.2861151695251465,1
exp2_size_scaling,zipf128,4194304,5,huffman,128,1.1257,0.0,7355.8587,10592.1201,17949.1045,2537979,0,0.6051013469696045,0,0.0,1
exp2_size_scaling,zipf128,4194304,5,huffman+obst,128,1.0861,259.1249,12768.1068,10713.723,23742.0408,2537979,0,0.6051013469696045,17977547,4.286181211471558,1
exp2_size_scaling,zipf128,4194304,6,huffman,128,1.0785,0.0,7009.2034,10533.377,17543.658900000002,2538035,0,0.6051146984100342,0,0.0,1
exp2_size_scaling,zipf128,4194304,6,huffman+obst,128,1.0634,257.8905,13043.6838,10285.981,23588.6187,2538035,0,0.6051146984100342,17981424,4.287105560302734,1
exp2_size_scaling,zipf128,4194304,7,huffman,128,1.068,0.0,7286.3883,10354.5612,17642.0175,2536412,2,0.6047277450561523,0,0.0,1
exp2_size_scaling,zipf128,4194304,7,huffman+obst,128,1.0888,256.3673,12932.9791,10326.2778,23516.713,2536412,2,0.6047277450561523,17970113,4.284408807754517,1
exp2_size_scaling,zipf128,8388608,1,huffman,128,1.1037,0.0,14332.6337,21346.6381,35680.3755,5075904,6,0.6050949096679688,0,0.0,1
exp2_size_scaling,zipf128,8388608,1,huffman+obst,128,1.0902,258.3193,25824.8072,20948.8037,47033.0204,5075904,6,0.6050949096679688,35959430,4.28669810295105,1
exp2_size_scaling,zipf128,8388608,2,huffman,128,1.0966,0.0,14530.7172,21171.0268,35702.840599999996,5075920,1,0.6050968170166016,0,0.0,1
exp2_size_scaling,zipf128,8388608,2,huffman+obst,128,1.0702,258.5595,25792.9932,21136.1342,47188.7571,5075920,1,0.6050968170166016,35968149,4.287737488746643,1
exp2_size_scaling,zipf128,8388608,3,huffman,128,1.0934,0.0,14280.6903,21217.4969,35499.2806,5076080,6,0.6051158905029297,0,0.0,1
exp2_size_scaling,zipf128,8388608,3,huffman+obst,128,1.1215,263.2284,26013.8996,20885.5626,47163.8121,5076080,6,0.6051158905029297,35965285,4.28739607334137,1
exp2_size_scaling,zipf128,8388608,4,huffman,128,1.0843,0.0,14679.5922,34241.083,48921.7595,5075821,6,0.605085015296936,0,0.0,1
exp2_size_scaling,zipf128,8388608,4,huffman+obst,128,1.076,262.624,24694.9942,20873.625,45832.3192,5075821,6,0.605085015296936,35960687,4.286847949028015,1
exp2_size_scaling,zipf128,8388608,5,huffman,128,0.9143,0.0,14381.4574,21045.1655,35427.5372,5074511,7,0.6049288511276245,0,0.0,1
exp2_size_scaling,zipf128,8388608,5,huffman+obst,128,1.0699,260.3088,25708.4327,21122.4584,47092.2698,5074511,7,0.6049288511276245,35945088,4.2849884033203125,1
exp2_size_scaling,zipf128,8388608,6,huffman,128,1.0817,0.0,14577.0212,20973.7966,35551.8995,5075252,3,0.6050171852111816,0,0.0,1
exp2_size_scaling,zipf128,8388608,6,huffman+obst,128,1.0958,268.0747,25744.6344,21110.7547,47124.5596,5075252,3,0.6050171852111816,35957899,4.286515593528748,1
exp2_size_scaling,zipf128,8388608,7,huffman,128,1.0879,0.0,14289.4703,20983.6381,35274.1963,5074070,2,0.6048762798309326,0,0.0,1
exp2_size_scaling,zipf128,8388608,7,huffman+obst,128,1.0902,257.7946,25675.5249,21178.4811,47112.8908,5074070,2,0.6048762798309326,35949729,4.285541653633118,1
exp2_size_scaling,repetitive90,4096,1,huffman,198,1.6214,0.0,2.9339,3.8953,8.4506,863,5,0.210693359375,0,0.0,1
exp2_size_scaling,repetitive90,4096,1,huffman+obst,198,1.5748,933.2024,5.4703,3.9212,944.1687,863,5,0.210693359375,6137,1.498291015625,1
exp2_size_scaling,repetitive90,4096,2,huffman,208,1.7282,0.0,2.9586,3.9346,8.6214,874,7,0.21337890625,0,0.0,1
exp2_size_scaling,repetitive90,4096,2,huffman+obst,208,1.6623,1083.3097,5.5302,3.9711,1094.4732999999999,874,7,0.21337890625,6217,1.517822265625,1
exp2_size_scaling,repetitive90,4096,3,huffman,216,1.7683,0.0,3.1052,4.1413,9.014800000000001,922,6,0.22509765625,0,0.0,1
exp2_size_scaling,repetitive90,4096,3,huffman+obst,216,1.7443,1211.9575,5.7188,4.1889,1223.6095000000003,922,6,0.22509765625,6506,1.58837890625,1
exp2_size_scaling,repetitive90,4096,4,huffman,203,1.6394,0.0,2.9922,4.0323,8.6639,887,7,0.216552734375,0,0.0,1
exp2_size_scaling,repetitive90,4096,4,huffman+obst,203,1.5987,1000.606,5.5639,4.0612,1011.8298,887,7,0.216552734375,6293,1.536376953125,1
exp2_size_scaling,repetitive90,4096,5,huffman,208,1.6787,0.0,3.0255,4.0532,8.7574,902,5,0.22021484375,0,0.0,1
exp2_size_scaling,repetitive90,4096,5,huffman+obst,208,1.7003,1084.2198,5.6408,4.0987,1095.6596,902,5,0.22021484375,6390,1.56005859375,1
exp2_size_scaling,repetitive90,4096,6,huffman,210,1.6955,0.0,3.0282,4.0419,8.7656,903,5,0.220458984375,0,0.0,1
exp2_size_scaling,repetitive90,4096,6,huffman+obst,210,1.673,1111.6277,5.2078,3.7832,1122.2917,903,5,0.220458984375,6383,1.558349609375,1
exp2_size_scaling,repetitive90,4096,7,huffman,207,1.5438,0.0,2.8271,3.7005,8.0714,915,2,0.223388671875,0,0.0,1
exp2_size_scaling,repetitive90,4096,7,huffman+obst,207,1.5158,898.8331,4.877,3.5397,908.7656,915,2,0.223388671875,6461,1.577392578125,1
exp2_size_scaling,repetitive90,8192,1,huffman,244,1.706,0.0,5.2703,7.0524,14.0287,1838,5,0.224365234375,0,0.0,1
exp2_size_scaling,repetitive90,8192,1,huffman+obst,244,1.685,1640.4061,11.4719,8.2719,1661.8348999999998,1838,5,0.224365234375,13057,1.5938720703125,1
exp2_size_scaling,repetitive90,8192,2,huffman,245,2.0306,0.0,6.1064,8.1449,16.2819,1810,1,0.220947265625,0,0.0,1
exp2_size_scaling,repetitive90,8192,2,huffman+obst,245,2.0025,1765.8805,11.3191,8.3822,1787.5843,1810,1,0.220947265625,12832,1.56640625,1
exp2_size_scaling,repetitive90,8192,3,huffman,245,2.0153,0.0,5.9977,8.0574,16.0704,1775,2,0.2166748046875,0,0.0,1
exp2_size_scaling,repetitive90,8192,3,huffman+obst,245,2.0093,1768.3815,11.202,9.1432,1790.7359999999999,1775,2,0.2166748046875,12661,1.5455322265625,1
exp2_size_scaling,repetitive90,8192,4,huffman,242,1.9868,0.0,6.1244,8.1481,16.2593,1797,4,0.2193603515625,0,0.0,1
exp2_size_scaling,repetitive90,8192,4,huffman+obst,242,1.9656,1699.8349,11.222,9.3198,1722.3423,1797,4,0.2193603515625,12774,1.559326171875,1
exp2_size_scaling,repetitive90,8192,5,huffman,242,2.0045,0.0,6.2395,8.3331,16.5771,1826,4,0.222900390625,0,0.0,1
exp2_size_scaling,repetitive90,8192,5,huffman+obst,242,1.991,1692.3229,11.458,8.2874,1714.0593,1826,4,0.222900390625,12947,1.5804443359375,1
exp2_size_scaling,repetitive90,8192,6,huffman,241,1.9897,0.0,6.0143,7.9613,15.965300000000001,1772,5,0.21630859375,0,0.0,1
exp2_size_scaling,repetitive90,8192,6,huffman+obst,241,1.9602,1683.9243,11.3341,8.1003,1705.3189,1772,5,0.21630859375,12621,1.5406494140625,1
exp2_size_scaling,repetitive90,8192,7,huffman,248,2.0439,0.0,6.2204,9.4916,17.755899999999997,1830,4,0.223388671875,0,0.0,1
exp2_size_scaling,repetitive90,8192,7,huffman+obst,248,2.0318,1868.8902,11.4121,8.4221,1890.7562,1830,4,0.223388671875,13016,1.5888671875,1
exp2_size_scaling,repetitive90,16384,1,huffman,256,2.1855,0.0,12.3319,16.66,31.1774,3662,6,0.2235107421875,0,0.0,1
exp2_size_scaling,repetitive90,16384,1,huffman+obst,256,2.1375,2052.1338,22.879,16.5684,2093.7187,3662,6,0.2235107421875,26133,1.59503173828125,1
exp2_size_scaling,repetitive90,16384,2,huffman,256,2.1061,0.0,12.103,16.207,30.4161,3612,5,0.220458984375,0,0.0,1
exp2_size_scaling,repetitive90,16384,2,huffman+obst,256,2.1244,2011.908,23.971,17.9365,2055.9399,3612,5,0.220458984375,25771,1.57293701171875,1
exp2_size_scaling,repetitive90,16384,3,huffman,255,2.0945,0.0,12.1314,16.2627,30.488599999999998,3635,4,0.22186279296875,0,0.0,1
exp2_size_scaling,repetitive90,16384,3,huffman+obst,255,2.0762,2047.123,22.8103,16.5013,2088.5108,3635,4,0.22186279296875,25920,1.58203125,1
exp2_size_scaling,repetitive90,16384,4,huffman,255,2.1001,0.0,12.3838,16.971,31.454900000000002,3652,4,0.222900390625,0,0.0,1
exp2_size_scaling,repetitive90,16384,4,huffman+obst,255,2.1074,2059.33,22.7028,16.3759,2100.5161,3652,4,0.222900390625,26061,1.59063720703125,1
exp2_size_scaling,repetitive90,16384,5,huffman,255,2.1502,0.0,12.2836,16.8004,31.2342,3647,6,0.22259521484375,0,0.0,1
exp2_size_scaling,repetitive90,16384,5,huffman+obst,255,2.1222,2006.7962,23.0248,16.4772,2048.4204,3647,6,0.22259521484375,26035,1.58905029296875,1
exp2_size_scaling,repetitive90,16384,6,huffman,256,2.2377,0.0,12.3109,16.5734,31.122,3674,1,0.2242431640625,0,0.0,1
exp2_size_scaling,repetitive90,16384,6,huffman+obst,256,2.1245,2051.8725,23.2106,16.7001,2093.9076999999997,3674,1,0.2242431640625,26232,1.60107421875,1
exp2_size_scaling,repetitive90,16384,7,huffman,256,2.2089,0.0,13.9089,17.2917,33.409499999999994,3700,4,0.225830078125,0,0.0,1
exp2_size_scaling,repetitive90,16384,7,huffman+obst,256,2.137,2136.7152,23.873,16.9791,2179.7043000000003,3700,4,0.225830078125,26376,1.60986328125,1
exp2_size_scaling,repetitive90,32768,1,huffman,256,2.2982,0.0,24.8447,33.723,60.865899999999996,7304,2,0.222900390625,0,0.0,1
exp2_size_scaling,repetitive90,32768,1,huffman+obst,256,2.1163,1955.0481,38.7846,27.9406,2023.8895999999997,7304,2,0.222900390625,52303,1.596160888671875,1
exp2_size_scaling,repetitive90,32768,2,huffman,256,1.8164,0.0,20.9914,28.257,51.064800000000005,7397,4,0.225738525390625,0,0.0,1
exp2_size_scaling,repetitive90,32768,2,huffman+obst,256,1.8187,1870.9231,46.0951,34.106,1952.9429,7397,4,0.225738525390625,52930,1.61529541015625,1
exp2_size_scaling,repetitive90,32768,3,huffman,256,2.1438,0.0,24.496,34.4565,61.0963,7371,3,0.224945068359375,0,0.0,1
exp2_size_scaling,repetitive90,32768,3,huffman+obst,256,2.1523,2021.0762,45.9114,33.5425,2102.6824,7371,3,0.224945068359375,52717,1.608795166015625,1
exp2_size_scaling,repetitive90,32768,4,huffman,256,2.1462,0.0,24.5739,33.091,59.811099999999996,7395,5,0.225677490234375,0,0.0,1
exp2_size_scaling,repetitive90,32768,4,huffman+obst,256,2.2165,2047.0401,46.5553,34.9953,2130.8072,7395,5,0.225677490234375,52988,1.6170654296875,1
exp2_size_scaling,repetitive90,32768,5,huffman,256,2.2132,0.0,26.2629,33.1301,61.6062,7350,2,0.22430419921875,0,0.0,1
exp2_size_scaling,repetitive90,32768,5,huffman+obst,256,2.1717,2032.6608,45.989,33.002,2113.8235,7350,2,0.22430419921875,52646,1.60662841796875,1
exp2_size_scaling,repetitive90,32768,6,huffman,256,2.1347,0.0,24.4663,32.629,59.23,7246,3,0.22113037109375,0,0.0,1
exp2_size_scaling,repetitive90,32768,6,huffman+obst,256,2.1264,2093.4594,45.5744,32.9917,2174.1519000000003,7246,3,0.22113037109375,52058,1.58868408203125,1
exp2_size_scaling,repetitive90,32768,7,huffman,256,2.1192,0.0,24.7038,33.8281,60.6511,7455,2,0.227508544921875,0,0.0,1
exp2_size_scaling,repetitive90,32768,7,huffman+obst,256,2.126,2028.9023,46.4279,34.8451,2112.3013,7455,2,0.227508544921875,53255,1.625213623046875,1
exp2_size_scaling,repetitive90,65536,1,huffman,256,2.1388,0.0,49.0586,66.0276,117.22500000000001,14690,0,0.224151611328125,0,0.0,1
exp2_size_scaling,repetitive90,65536,1,huffman+obst,256,2.1702,2041.69,91.8079,66.1121,2201.7801999999997,14690,0,0.224151611328125,105305,1.6068267822265625,1
exp2_size_scaling,repetitive90,65536,2,huffman,256,2.1559,0.0,48.7334,65.9504,116.83970000000001,14608,4,0.222900390625,0,0.0,1
exp2_size_scaling,repetitive90,65536,2,huffman+obst,256,2.1718,2057.4542,92.3156,67.6765,2219.6181,14608,4,0.222900390625,105152,1.6044921875,1
exp2_size_scaling,repetitive90,65536,3,huffman,256,2.1591,0.0,49.8815,66.8436,118.88419999999999,14911,2,0.2275238037109375,0,0.0,1
exp2_size_scaling,repetitive90,65536,3,huffman+obst,256,2.1843,2037.355,92.0505,66.8744,2198.4642,14911,2,0.2275238037109375,106986,1.632476806640625,1
exp2_size_scaling,repetitive90,65536,4,huffman,256,2.1352,0.0,49.5767,66.0694,117.7813,14753,2,0.2251129150390625,0,0.0,1
exp2_size_scaling,repetitive90,65536,4,huffman+obst,256,2.1753,2054.3999,92.4924,67.0929,2216.1605,14753,2,0.2251129150390625,106021,1.6177520751953125,1
exp2_size_scaling,repetitive90,65536,5,huffman,256,2.2252,0.0,50.1685,66.0109,118.40460000000002,14709,2,0.2244415283203125,0,0.0,1
exp2_size_scaling,repetitive90,65536,5,huffman+obst,256,2.142,2054.8799,91.7515,65.7108,2214.4841999999994,14709,2,0.2244415283203125,105780,1.61407470703125,1
exp2_size_scaling,repetitive90,65536,6,huffman,256,2.1598,0.0,49.2125,66.5693,117.9416,14749,1,0.2250518798828125,0,0.0,1
exp2_size_scaling,repetitive90,65536,6,huffman+obst,256,2.1297,2031.8335,93.04,66.6426,2193.6458000000002,14749,1,0.2250518798828125,105944,1.6165771484375,1
exp2_size_scaling,repetitive90,65536,7,huffman,256,2.2245,0.0,49.499,66.4478,118.1713,14772,7,0.22540283203125,0,0.0,1
exp2_size_scaling,repetitive90,65536,7,huffman+obst,256,2.1264,2040.812,81.5606,56.9081,2181.4071,14772,7,0.22540283203125,106002,1.617462158203125,1
exp2_size_scaling,repetitive90,131072,1,huffman,256,1.8245,0.0,85.2389,115.0828,202.14620000000002,29507,3,0.22512054443359375,0,0.0,1
exp2_size_scaling,repetitive90,131072,1,huffman+obst,256,1.8735,1898.7629,186.5872,135.7998,2223.0234,29507,3,0.22512054443359375,212414,1.6205902099609375,1
exp2_size_scaling,repetitive90,131072,2,huffman,256,2.1655,0.0,99.9228,136.7274,238.8157,29380,4,0.224151611328125,0,0.0,1
exp2_size_scaling,repetitive90,131072,2,huffman+obst,256,2.1528,2018.4398,183.5812,135.9273,2340.1011,29380,4,0.224151611328125,211627,1.6145858764648438,1
exp2_size_scaling,repetitive90,131072,3,huffman,256,2.1617,0.0,98.9725,132.8396,233.97379999999998,29607,6,0.22588348388671875,0,0.0,1
exp2_size_scaling,repetitive90,131072,3,huffman+obst,256,2.2261,2021.0721,187.0226,133.254,2343.5748000000003,29607,6,0.22588348388671875,213109,1.6258926391601562,1
exp2_size_scaling,repetitive90,131072,4,huffman,256,2.1689,0.0,99.7659,140.9979,242.93269999999998,29510,7,0.2251434326171875,0,0.0,1
exp2_size_scaling,repetitive90,131072,4,huffman+obst,256,2.1804,2037.8239,186.8964,132.394,2359.2947000000004,29510,7,0.2251434326171875,212767,1.6232833862304688,1
exp2_size_scaling,repetitive90,131072,5,huffman,256,2.1675,0.0,102.3568,134.3908,238.91510000000002,29538,6,0.2253570556640625,0,0.0,1
exp2_size_scaling,repetitive90,131072,5,huffman+obst,256,2.1745,2052.4754,184.09,132.2279,2370.9678,29538,6,0.2253570556640625,212818,1.6236724853515625,1
exp2_size_scaling,repetitive90,131072,6,huffman,256,2.1807,0.0,98.5887,131.4597,232.22910000000002,29321,6,0.22370147705078125,0,0.0,1
exp2_size_scaling,repetitive90,131072,6,huffman+obst,256,2.1731,2047.3429,185.023,134.2556,2368.7946,29321,6,0.22370147705078125,211376,1.6126708984375,1
exp2_size_scaling,repetitive90,131072,7,huffman,256,2.2189,0.0,103.0774,135.7522,241.0485,29308,6,0.223602294921875,0,0.0,1
exp2_size_scaling,repetitive90,131072,7,huffman+obst,256,2.213,2076.164,185.3116,131.9119,2395.6005000000005,29308,6,0.223602294921875,211077,1.6103897094726562,1
exp2_size_scaling,repetitive90,262144,1,huffman,256,2.2428,0.0,197.8092,273.0192,473.0712,58892,0,0.2246551513671875,0,0.0,1
exp2_size_scaling,repetitive90,262144,1,huffman+obst,256,2.208,2060.8269,370.8811,268.4997,2702.4157,58892,0,0.2246551513671875,425136,1.62176513671875,1
exp2_size_scaling,repetitive90,262144,2,huffman,256,2.1782,0.0,199.7859,267.9427,469.9068,59100,5,0.2254486083984375,0,0.0,1
exp2_size_scaling,repetitive90,262144,2,huffman+obst,256,2.263,2057.5491,370.3004,266.4858,2696.5983,59100,5,0.2254486083984375,426394,1.6265640258789062,1
exp2_size_scaling,repetitive90,262144,3,huffman,256,2.2206,0.0,196.9737,266.51,465.7043,59067,6,0.22532272338867188,0,0.0,1
exp2_size_scaling,repetitive90,262144,3,huffman+obst,256,2.1887,2067.1875,379.0856,269.7285,2718.1903,59067,6,0.22532272338867188,426227,1.6259269714355469,1
exp2_size_scaling,repetitive90,262144,4,huffman,256,2.1793,0.0,200.7804,262.2108,465.1705,58782,0,0.22423553466796875,0,0.0,1
exp2_size_scaling,repetitive90,262144,4,huffman+obst,256,1.8378,1788.8359,368.1381,265.1517,2423.9635,58782,0,0.22423553466796875,424307,1.6186027526855469,1
exp2_size_scaling,repetitive90,262144,5,huffman,256,2.2045,0.0,196.4678,263.9582,462.6305,58738,4,0.22406768798828125,0,0.0,1
exp2_size_scaling,repetitive90,262144,5,huffman+obst,256,2.1908,2050.4316,367.1069,262.9566,2682.6859,58738,4,0.22406768798828125,423890,1.6170120239257812,1
exp2_size_scaling,repetitive90,262144,6,huffman,256,2.2288,0.0,197.8883,265.7788,465.8959,58947,5,0.22486495971679688,0,0.0,1
exp2_size_scaling,repetitive90,262144,6,huffman+obst,256,2.1447,2040.8471,370.9552,264.8691,2678.8161,58947,5,0.22486495971679688,425335,1.6225242614746094,1
exp2_size_scaling,repetitive90,262144,7,huffman,256,2.1692,0.0,197.41,268.1982,467.77739999999994,58938,6,0.22483062744140625,0,0.0,1
exp2_size_scaling,repetitive90,262144,7,huffman+obst,256,2.2138,2031.2827,367.9005,265.2614,2666.6584,58938,6,0.22483062744140625,425489,1.6231117248535156,1
exp2_size_scaling,repetitive90,524288,1,huffman,256,2.1974,0.0,393.9013,534.4357,930.5344,117932,4,0.22493743896484375,0,0.0,1
exp2_size_scaling,repetitive90,524288,1,huffman+obst,256,2.2377,2047.5731,741.4448,536.4194,3327.675,117932,4,0.22493743896484375,851965,1.6249942779541016,1
exp2_size_scaling,repetitive90,524288,2,huffman,256,2.2303,0.0,395.9012,542.1486,940.2801,118189,6,0.22542762756347656,0,0.0,1
exp2_size_scaling,repetitive90,524288,2,huffman+obst,256,2.2786,2077.8056,752.1524,533.2066,3365.4432,118189,6,0.22542762756347656,853686,1.6282768249511719,1
exp2_size_scaling,repetitive90,524288,3,huffman,256,2.2007,0.0,395.0491,530.6031,927.8529000000001,117491,7,0.22409629821777344,0,0.0,1
exp2_size_scaling,repetitive90,524288,3,huffman+obst,256,2.1977,2069.4397,741.1843,533.859,3346.6807,117491,7,0.22409629821777344,849205,1.619729995727539,1
exp2_size_scaling,repetitive90,524288,4,huffman,256,2.2174,0.0,398.9852,533.1789,934.3815,118167,3,0.2253856658935547,0,0.0,1
exp2_size_scaling,repetitive90,524288,4,huffman+obst,256,2.2064,1988.5168,640.9457,462.3421,3094.011,118167,3,0.2253856658935547,853819,1.628530502319336,1
exp2_size_scaling,repetitive90,524288,5,huffman,256,2.2153,0.0,396.3612,528.6844,927.2609,117545,0,0.2241992950439453,0,0.0,1
exp2_size_scaling,repetitive90,524288,5,huffman+obst,256,2.2002,2048.3023,746.7428,534.7308,3331.9761,117545,0,0.2241992950439453,849942,1.6211357116699219,1
exp2_size_scaling,repetitive90,524288,6,huffman,256,2.2757,0.0,404.5163,543.254,950.046,118499,4,0.22601890563964844,0,0.0,1
exp2_size_scaling,repetitive90,524288,6,huffman+obst,256,2.1877,2055.1418,745.1782,536.8916,3339.3992999999996,118499,4,0.22601890563964844,855744,1.6322021484375,1
exp2_size_scaling,repetitive90,524288,7,huffman,256,2.2068,0.0,393.81,534.3071,930.3239,118172,0,0.22539520263671875,0,0.0,1
exp2_size_scaling,repetitive90,524288,7,huffman+obst,256,2.2107,2054.0585,747.3802,532.4999,3336.1493,118172,0,0.22539520263671875,853870,1.6286277770996094,1
exp2_size_scaling,repetitive90,1048576,1,huffman,256,2.2225,0.0,789.8263,1071.7466,1863.7954,235487,4,0.2245779037475586,0,0.0,1
exp2_size_scaling,repetitive90,1048576,1,huffman+obst,256,2.2159,2043.5485,1475.2109,1058.998,4579.9733,235487,4,0.2245779037475586,1703053,1.6241579055786133,1
exp2_size_scaling,repetitive90,1048576,2,huffman,256,2.2116,0.0,790.485,1065.7232,1858.4198,235992,3,0.22505950927734375,0,0.0,1
exp2_size_scaling,repetitive90,1048576,2,huffman+obst,256,2.2241,2055.474,1474.5023,974.4061,4506.6065,235992,3,0.22505950927734375,1706856,1.6277847290039062,1
exp2_size_scaling,repetitive90,1048576,3,huffman,256,1.8807,0.0,740.6439,1063.9578,1806.4823999999999,235321,3,0.22441959381103516,0,0.0,1
exp2_size_scaling,repetitive90,1048576,3,huffman+obst,256,2.2223,2072.8201,1476.8449,1068.1442,4620.0315,235321,3,0.22441959381103516,1702318,1.6234569549560547,1
exp2_size_scaling,repetitive90,1048576,4,huffman,256,2.2819,0.0,802.914,1069.0625,1874.2584,235563,0,0.22465038299560547,0,0.0,1
exp2_size_scaling,repetitive90,1048576,4,huffman+obst,256,2.4703,2069.5317,1508.7993,1064.3928,4645.194100000001,235563,0,0.22465038299560547,1704215,1.6252660751342773,1
exp2_size_scaling,repetitive90,1048576,5,huffman,256,2.2003,0.0,786.0854,1078.4065,1866.6922,235703,0,0.22478389739990234,0,0.0,1
exp2_size_scaling,repetitive90,1048576,5,huffman+obst,256,2.2399,2026.5446,1505.7074,1071.8798,4606.3717,235703,0,0.22478389739990234,1705025,1.6260385513305664,1
exp2_size_scaling,repetitive90,1048576,6,huffman,256,2.2228,0.0,790.4645,1072.037,1864.7243,235626,3,0.22471046447753906,0,0.0,1
exp2_size_scaling,repetitive90,1048576,6,huffman+obst,256,2.2581,2095.0528,1509.9888,1027.3729,4634.6726,235626,3,0.22471046447753906,1704607,1.6256399154663086,1
exp2_size_scaling,repetitive90,1048576,7,huffman,256,1.8836,0.0,736.0147,1062.7296,1800.6279,235564,4,0.22465133666992188,0,0.0,1
exp2_size_scaling,repetitive90,1048576,7,huffman+obst,256,2.2097,2037.41,1480.5155,1073.5291,4593.6643,235564,4,0.22465133666992188,1704377,1.6254205703735352,1
exp2_size_scaling,repetitive90,2097152,1,huffman,256,2.2112,0.0,1591.1748,2139.5212,3732.9072,472890,4,0.22549152374267578,0,0.0,1
exp2_size_scaling,repetitive90,2097152,1,huffman+obst,256,2.2052,2041.3875,2967.0351,2146.6163,7157.2441,472890,4,0.22549152374267578,3421572,1.6315326690673828,1
exp2_size_scaling,repetitive90,2097152,2,huffman,256,2.2128,0.0,1593.8506,2149.0458,3745.1092,471609,0,0.22488069534301758,0,0.0,1
exp2_size_scaling,repetitive90,2097152,2,huffman+obst,256,2.3737,2060.8836,2793.1765,2048.3597,6904.793500000001,471609,0,0.22488069534301758,3414387,1.6281065940856934,1
exp2_size_scaling,repetitive90,2097152,3,huffman,256,2.2047,0.0,1590.802,2149.0102,3742.0169,472036,2,0.2250843048095703,0,0.0,1
exp2_size_scaling,repetitive90,2097152,3,huffman+obst,256,2.2007,2052.5164,2974.9333,2127.1816,7156.832,472036,2,0.2250843048095703,3415961,1.628857135772705,1
exp2_size_scaling,repetitive90,2097152,4,huffman,256,2.218,0.0,1589.4834,2135.9253,3727.6267,471828,6,0.22498512268066406,0,0.0,1
exp2_size_scaling,repetitive90,2097152,4,huffman+obst,256,2.2008,2064.909,2961.86,2155.3497,7184.319500000001,471828,6,0.22498512268066406,3414563,1.628190517425537,1
exp2_size_scaling,repetitive90,2097152,5,huffman,256,2.0082,0.0,1375.1181,2118.6877,3495.814,471524,1,0.2248401641845703,0,0.0,1
exp2_size_scaling,repetitive90,2097152,5,huffman+obst,256,2.2318,2046.0299,2952.7073,2137.9501,7138.9191,471524,1,0.2248401641845703,3412732,1.6273174285888672,1
exp2_size_scaling,repetitive90,2097152,6,huffman,256,2.257,0.0,1602.6454,2149.8879,3754.7903000000006,470659,7,0.2244277000427246,0,0.0,1
exp2_size_scaling,repetitive90,2097152,6,huffman+obst,256,2.2142,2087.0099,2947.5503,2131.0446,7167.819,470659,7,0.2244277000427246,3407748,1.6249408721923828,1
exp2_size_scaling,repetitive90,2097152,7,huffman,256,2.2871,0.0,1580.9971,2135.715,3718.9992,472074,0,0.22510242462158203,0,0.0,1
exp2_size_scaling,repetitive90,2097152,7,huffman+obst,256,2.2085,1768.1163,2959.2406,2125.045,6854.6104,472074,0,0.22510242462158203,3417224,1.6294593811035156,1
exp2_size_scaling,repetitive90,4194304,1,huffman,256,2.2011,0.0,3180.6382,4295.2386,7478.0779,943111,5,0.2248551845550537,0,0.0,1
exp2_size_scaling,repetitive90,4194304,1,huffman+obst,256,2.226,2050.6262,5938.3295,4204.21,12195.3917,943111,5,0.2248551845550537,6828684,1.6280851364135742,1
exp2_size_scaling,repetitive90,4194304,2,huffman,256,2.2087,0.0,3165.2701,4267.6708,7435.149600000001,943511,0,0.22495055198669434,0,0.0,1
exp2_size_scaling,repetitive90,4194304,2,huffman+obst,256,2.2165,2086.2571,5917.3888,4257.4501,12263.3125,943511,0,0.22495055198669434,6832129,1.628906488418579,1
exp2_size_scaling,repetitive90,4194304,3,huffman,256,2.1791,0.0,3140.5186,4035.3181,7178.015799999999,943920,7,0.22504806518554688,0,0.0,1
exp2_size_scaling,repetitive90,4194304,3,huffman+obst,256,2.2496,2036.0325,5924.7524,4268.0146,12231.0491,943920,7,0.22504806518554688,6833966,1.6293444633483887,1
exp2_size_scaling,repetitive90,4194304,4,huffman,256,2.2272,0.0,3164.6455,4292.1726,7459.0453,943720,6,0.22500038146972656,0,0.0,1
exp2_size_scaling,repetitive90,4194304,4,huffman+obst,256,2.2555,2048.6355,5683.9014,4278.0288,12012.8212,943720,6,0.22500038146972656,6833503,1.6292340755462646,1
exp2_size_scaling,repetitive90,4194304,5,huffman,256,2.2027,0.0,3163.518,4269.5044,7435.2251,942838,6,0.22479009628295898,0,0.0,1
exp2_size_scaling,repetitive90,4194304,5,huffman+obst,256,2.237,2044.3294,5920.8513,4037.4914,12004.9091,942838,6,0.22479009628295898,6827956,1.6279115676879883,1
exp2_size_scaling,repetitive90,4194304,6,huffman,256,2.2233,0.0,3178.7579,4271.1833,7452.1645,943030,5,0.22483587265014648,0,0.0,1
exp2_size_scaling,repetitive90,4194304,6,huffman+obst,256,2.2359,2063.0899,5933.8874,4286.2321,12285.4453,943030,5,0.22483587265014648,6828097,1.6279451847076416,1
exp2_size_scaling,repetitive90,4194304,7,huffman,256,2.2103,0.0,3073.7971,4403.3083,7479.315699999999,943655,2,0.22498488426208496,0,0.0,1
exp2_size_scaling,repetitive90,4194304,7,huffman+obst,256,2.2315,2033.4331,5922.0837,4268.9529,12226.7012,943655,2,0.22498488426208496,6833152,1.629150390625,1
exp2_size_scaling,repetitive90,8388608,1,huffman,256,2.3069,0.0,6070.02,8540.0396,14612.3665,1886932,0,0.22493982315063477,0,0.0,1
exp2_size_scaling,repetitive90,8388608,1,huffman+obst,256,2.1962,2055.9571,11909.5508,8383.6049,22351.309,1886932,0,0.22493982315063477,13668080,1.6293621063232422,1
exp2_size_scaling,repetitive90,8388608,2,huffman,256,2.1956,0.0,6330.5854,8643.224,14976.005000000001,1889093,2,0.225197434425354,0,0.0,1
exp2_size_scaling,repetitive90,8388608,2,huffman+obst,256,2.2065,2000.2251,11653.7776,8595.757,22251.9662,1889093,2,0.225197434425354,13680706,1.6308672428131104,1
exp2_size_scaling,repetitive90,8388608,3,huffman,256,2.1991,0.0,6081.5846,8581.1323,14664.916,1887818,7,0.22504544258117676,0,0.0,1
exp2_size_scaling,repetitive90,8388608,3,huffman+obst,256,2.36,2082.4983,11826.2937,8310.2267,22221.3787,1887818,7,0.22504544258117676,13673069,1.629956841468811,1
exp2_size_scaling,repetitive90,8388608,4,huffman,256,2.1926,0.0,6347.6611,8580.2946,14930.1483,1886800,1,0.22492408752441406,0,0.0,1
exp2_size_scaling,repetitive90,8388608,4,huffman+obst,256,2.2178,2046.7291,11598.6491,8543.6384,22191.2344,1886800,1,0.22492408752441406,13667724,1.629319667816162,1
exp2_size_scaling,repetitive90,8388608,5,huffman,256,2.2261,0.0,6103.2741,8589.4845,14694.9847,1887366,4,0.2249915599822998,0,0.0,1
exp2_size_scaling,repetitive90,8388608,5,huffman+obst,256,2.2106,2035.3909,11896.1575,8316.916,22250.675,1887366,4,0.2249915599822998,13670764,1.6296820640563965,1
exp2_size_scaling,repetitive90,8388608,6,huffman,256,2.212,0.0,6326.5587,8550.4004,14879.1711,1886410,3,0.22487759590148926,0,0.0,1
exp2_size_scaling,repetitive90,8388608,6,huffman+obst,256,2.2338,2053.6341,11621.8882,8593.3294,22271.0855,1886410,3,0.22487759590148926,13665305,1.6290313005447388,1
exp2_size_scaling,repetitive90,8388608,7,huffman,256,2.2119,0.0,6090.6021,8586.6122,14679.4262,1886894,5,0.22493529319763184,0,0.0,1
exp2_size_scaling,repetitive90,8388608,7,huffman+obst,256,2.2211,2059.0485,11847.3631,8320.0605,22228.6932,1886894,5,0.22493529319763184,13666047,1.6291197538375854,1
exp3_pipeline_compare,english_like_1024kb,1048576,1,huffman,52,0.431,0.0,2026.9677,2981.5403,5008.939,723332,7,0.6898231506347656,0,0.0,1
exp3_pipeline_compare,english_like_1024kb,1048576,1,huffman+obst,52,0.4232,20.0061,3518.4302,2971.6748,6510.534299999999,723332,7,0.6898231506347656,4738402,4.518892288208008,1
exp3_pipeline_compare,english_like_1024kb,1048576,2,huffman,52,0.4368,0.0,2019.0855,2971.336,4990.8583,723388,4,0.6898765563964844,0,0.0,1
exp3_pipeline_compare,english_like_1024kb,1048576,2,huffman+obst,52,0.4142,19.9917,3494.0658,2757.7408,6272.2125,723388,4,0.6898765563964844,4738516,4.519001007080078,1
exp3_pipeline_compare,english_like_1024kb,1048576,3,huffman,52,0.4215,0.0,2028.9013,2971.5465,5000.8693,723153,1,0.6896524429321289,0,0.0,1
exp3_pipeline_compare,english_like_1024kb,1048576,3,huffman+obst,52,0.4103,19.7474,3498.2326,2963.028,6481.418299999999,723153,1,0.6896524429321289,4736802,4.517366409301758,1
exp3_pipeline_compare,english_like_1024kb,1048576,4,huffman,52,0.4226,0.0,2008.5427,2956.5759,4965.5412,723271,0,0.6897649765014648,0,0.0,1
exp3_pipeline_compare,english_like_1024kb,1048576,4,huffman+obst,52,0.4239,20.2342,3528.9386,2813.5344,6363.1311000000005,723271,0,0.6897649765014648,4738236,4.518733978271484,1
exp3_pipeline_compare,english_like_1024kb,1048576,5,huffman,52,0.4174,0.0,2003.977,2974.0417,4978.436100000001,723184,4,0.6896820068359375,0,0.0,1
exp3_pipeline_compare,english_like_1024kb,1048576,5,huffman+obst,52,0.4377,19.8398,3517.8839,2971.8374,6509.998799999999,723184,4,0.6896820068359375,4738049,4.518555641174316,1
exp3_pipeline_compare,english_like_1024kb,1048576,6,huffman,52,0.4312,0.0,2015.8235,2969.2991,4985.5538,723260,0,0.6897544860839844,0,0.0,1
exp3_pipeline_compare,english_like_1024kb,1048576,6,huffman+obst,52,0.418,19.9046,3512.7452,2960.3787,6493.4465,723260,0,0.6897544860839844,4738773,4.5192461013793945,1
exp3_pipeline_compare,english_like_1024kb,1048576,7,huffman,52,0.3791,0.0,1955.7805,2996.812,4952.9716,723337,3,0.6898279190063477,0,0.0,1
exp3_pipeline_compare,english_like_1024kb,1048576,7,huffman+obst,52,0.4177,20.4661,3511.642,2969.8053,6502.331099999999,723337,3,0.6898279190063477,4738929,4.519394874572754,1
exp3_pipeline_compare,uniform256_1024kb,1048576,1,huffman,256,2.1817,0.0,2786.7086,4165.5086,6954.3989,1048576,0,1.0,0,0.0,1
exp3_pipeline_compare,uniform256_1024kb,1048576,1,huffman+obst,256,2.2046,2106.7068,4928.6941,3932.3563,10969.9618,1048576,0,1.0,7380174,7.03828239440918,1
exp3_pipeline_compare,uniform256_1024kb,1048576,2,huffman,256,2.2025,0.0,2773.1065,4188.1114,6963.420399999999,1048576,0,1.0,0,0.0,1
exp3_pipeline_compare,uniform256_1024kb,1048576,2,huffman+obst,256,2.2584,2115.2863,4946.3843,4179.8256,11243.7546,1048576,0,1.0,7377515,7.0357465744018555,1
exp3_pipeline_compare,uniform256_1024kb,1048576,3,huffman,256,2.3206,0.0,2772.7639,3913.5716,6688.6561,1048576,0,1.0,0,0.0,1
exp3_pipeline_compare,uniform256_1024kb,1048576,3,huffman+obst,256,2.1854,2106.4794,4910.7031,4185.0318,11204.399699999998,1048576,0,1.0,7379610,7.037744522094727,1
exp3_pipeline_compare,uniform256_1024kb,1048576,4,huffman,256,2.2617,0.0,2788.822,4173.3901,6964.4738,1048576,0,1.0,0,0.0,1
exp3_pipeline_compare,uniform256_1024kb,1048576,4,huffman+obst,256,2.2028,2132.2027,4922.5082,3931.7745,10988.6882,1048576,0,1.0,7378008,7.036216735839844,1
exp3_pipeline_compare,uniform256_1024kb,1048576,5,huffman,256,2.1903,0.0,2765.8995,4232.4986,7000.588400000001,1048576,0,1.0,0,0.0,1
exp3_pipeline_compare,uniform256_1024kb,1048576,5,huffman+obst,256,2.1942,2131.1058,4942.0817,4203.5085,11278.8902,1048576,0,1.0,7380074,7.038187026977539,1
exp3_pipeline_compare,uniform256_1024kb,1048576,6,huffman,256,2.2442,0.0,2777.2736,3931.4661,6710.9839,1048576,0,1.0,0,0.0,1
exp3_pipeline_compare,uniform256_1024kb,1048576,6,huffman+obst,256,2.1927,2117.6226,4903.0322,4198.4161,11221.2636,1048576,0,1.0,7379891,7.038012504577637,1
exp3_pipeline_compare,uniform256_1024kb,1048576,7,huffman,256,2.22,0.0,2779.3491,4206.6096,6988.1786999999995,1048576,0,1.0,0,0.0,1
exp3_pipeline_compare,uniform256_1024kb,1048576,7,huffman+obst,256,2.1878,2122.9578,4766.9124,4054.4487,10946.506700000002,1048576,0,1.0,7379686,7.037817001342773,1
exp3_pipeline_compare,zipf128_1024kb,1048576,1,huffman,128,1.0553,0.0,1810.3524,2659.464,4470.8717,634704,5,0.6053009033203125,0,0.0,1
exp3_pipeline_compare,zipf128_1024kb,1048576,1,huffman+obst,128,1.0824,259.3153,3224.7483,2646.04,6131.186,634704,5,0.6053009033203125,4496197,4.287907600402832,1
exp3_pipeline_compare,zipf128_1024kb,1048576,2,huffman,128,1.0764,0.0,1820.4773,2649.1418,4470.6955,634026,0,0.6046543121337891,0,0.0,1
exp3_pipeline_compare,zipf128_1024kb,1048576,2,huffman+obst,128,1.0912,259.0176,3244.3144,2404.1481,5908.5713,634026,0,0.6046543121337891,4489204,4.281238555908203,1
exp3_pipeline_compare,zipf128_1024kb,1048576,3,huffman,128,1.105,0.0,1835.819,2628.2818,4465.2058,634370,4,0.6049823760986328,0,0.0,1
exp3_pipeline_compare,zipf128_1024kb,1048576,3,huffman+obst,128,1.0905,260.5712,3232.9563,2628.847,6123.465,634370,4,0.6049823760986328,4493444,4.285282135009766,1
exp3_pipeline_compare,zipf128_1024kb,1048576,4,huffman,128,1.0687,0.0,1811.0048,2654.9549,4467.0284,634659,1,0.6052579879760742,0,0.0,1
exp3_pipeline_compare,zipf128_1024kb,1048576,4,huffman+obst,128,1.0897,263.778,3226.2212,2661.1808,6152.2697,634659,1,0.6052579879760742,4495818,4.287546157836914,1
exp3_pipeline_compare,zipf128_1024kb,1048576,5,huffman,128,0.9183,0.0,1611.4501,2636.567,4248.9354,634255,7,0.6048727035522461,0,0.0,1
exp3_pipeline_compare,zipf128_1024kb,1048576,5,huffman+obst,128,1.0706,262.8064,3231.4087,2645.3321,6140.6178,634255,7,0.6048727035522461,4490650,4.282617568969727,1
exp3_pipeline_compare,zipf128_1024kb,1048576,6,huffman,128,1.1268,0.0,1829.3838,2645.9595,4476.4701000000005,634808,2,0.6054000854492188,0,0.0,1
exp3_pipeline_compare,zipf128_1024kb,1048576,6,huffman+obst,128,1.0953,259.7434,3243.5647,2643.3652,6147.7686,634808,2,0.6054000854492188,4497694,4.289335250854492,1
exp3_pipeline_compare,zipf128_1024kb,1048576,7,huffman,128,1.0608,0.0,1834.4103,2685.7342,4521.2053,633992,3,0.6046218872070312,0,0.0,1
exp3_pipeline_compare,zipf128_1024kb,1048576,7,huffman+obst,128,1.0664,259.8372,3313.533,2676.1131,6250.5497,633992,3,0.6046218872070312,4490832,4.2827911376953125,1
exp3_pipeline_compare,repetitive90_1024kb,1048576,1,huffman,256,2.7273,0.0,828.4273,1101.6008,1932.7554,236024,3,0.22509002685546875,0,0.0,1
exp3_pipeline_compare,repetitive90_1024kb,1048576,1,huffman+obst,256,2.2077,2096.8521,1514.575,1070.9257,4684.5605,236024,3,0.22509002685546875,1707066,1.6279850006103516,1
exp3_pipeline_compare,repetitive90_1024kb,1048576,2,huffman,256,2.2025,0.0,797.8521,1087.3528,1887.4073999999998,236336,3,0.2253875732421875,0,0.0,1
exp3_pipeline_compare,repetitive90_1024kb,1048576,2,huffman+obst,256,2.2599,2074.8647,1491.7098,1079.6337,4648.4681,236336,3,0.2253875732421875,1709396,1.6302070617675781,1
exp3_pipeline_compare,repetitive90_1024kb,1048576,3,huffman,256,2.1963,0.0,799.9435,1086.1136,1888.2533999999998,235888,6,0.2249603271484375,0,0.0,1
exp3_pipeline_compare,repetitive90_1024kb,1048576,3,huffman+obst,256,2.2219,2065.0678,1503.0159,992.8482,4563.1538,235888,6,0.2249603271484375,1705316,1.6263160705566406,1
exp3_pipeline_compare,repetitive90_1024kb,1048576,4,huffman,256,1.8743,0.0,755.2094,1066.2878,1823.3715,235927,7,0.22499752044677734,0,0.0,1
exp3_pipeline_compare,repetitive90_1024kb,1048576,4,huffman+obst,256,2.1971,2049.9884,1483.2128,1071.4136,4606.8119,235927,7,0.22499752044677734,1706107,1.627070426940918,1
exp3_pipeline_compare,repetitive90_1024kb,1048576,5,huffman,256,2.2331,0.0,793.4483,1070.6236,1866.3049999999998,236119,5,0.22518062591552734,0,0.0,1
exp3_pipeline_compare,repetitive90_1024kb,1048576,5,huffman+obst,256,2.2826,2032.3473,1477.9675,1064.836,4577.4334,236119,5,0.22518062591552734,1707708,1.6285972595214844,1
exp3_pipeline_compare,repetitive90_1024kb,1048576,6,huffman,256,2.1975,0.0,791.6018,1069.5477,1863.3470000000002,236177,1,0.2252359390258789,0,0.0,1
exp3_pipeline_compare,repetitive90_1024kb,1048576,6,huffman+obst,256,2.2064,2050.1598,1477.2234,1076.8266,4606.416200000001,236177,1,0.2252359390258789,1707313,1.628220558166504,1
exp3_pipeline_compare,repetitive90_1024kb,1048576,7,huffman,256,2.2149,0.0,800.2045,1063.7267,1866.1461,236353,3,0.2254037857055664,0,0.0,1
exp3_pipeline_compare,repetitive90_1024kb,1048576,7,huffman+obst,256,2.3037,2063.2755,1479.3526,1027.5658,4572.497600000001,236353,3,0.2254037857055664,1708297,1.6291589736938477,1
exp3_pipeline_compare,repetitive99_1024kb,1048576,1,huffman,256,1.8674,0.0,460.2045,639.6008,1101.6727,141643,0,0.13508129119873047,0,0.0,1
exp3_pipeline_compare,repetitive99_1024kb,1048576,1,huffman+obst,256,2.1898,2056.8278,1065.9465,677.9677,3802.9318000000003,141643,0,0.13508129119873047,1114269,1.0626497268676758,1
exp3_pipeline_compare,repetitive99_1024kb,1048576,2,huffman,256,2.2256,0.0,540.4174,683.4604,1226.1034,141672,5,0.13510894775390625,0,0.0,1
exp3_pipeline_compare,repetitive99_1024kb,1048576,2,huffman+obst,256,2.2057,2041.3374,1069.1937,682.8854,3795.6222,141672,5,0.13510894775390625,1114193,1.062577247619629,1
exp3_pipeline_compare,repetitive99_1024kb,1048576,3,huffman,256,2.1928,0.0,541.3713,681.114,1224.6781,141744,4,0.1351776123046875,0,0.0,1
exp3_pipeline_compare,repetitive99_1024kb,1048576,3,huffman+obst,256,2.1952,2035.7911,1085.6159,699.8345,3823.4367,141744,4,0.1351776123046875,1114551,1.0629186630249023,1
exp3_pipeline_compare,repetitive99_1024kb,1048576,4,huffman,256,2.1796,0.0,554.3867,683.7146,1240.2809000000002,141638,7,0.13507652282714844,0,0.0,1
exp3_pipeline_compare,repetitive99_1024kb,1048576,4,huffman+obst,256,2.1889,2044.8858,1069.1883,679.1619,3795.4249,141638,7,0.13507652282714844,1114000,1.0623931884765625,1
exp3_pipeline_compare,repetitive99_1024kb,1048576,5,huffman,256,2.191,0.0,542.9453,680.7315,1225.8678,141787,2,0.13521862030029297,0,0.0,1
exp3_pipeline_compare,repetitive99_1024kb,1048576,5,huffman+obst,256,2.2042,2051.5452,1067.5802,685.1762,3806.5058,141787,2,0.13521862030029297,1114994,1.0633411407470703,1
exp3_pipeline_compare,repetitive99_1024kb,1048576,6,huffman,256,1.8808,0.0,459.1281,577.3524,1038.3613,141651,4,0.13508892059326172,0,0.0,1
exp3_pipeline_compare,repetitive99_1024kb,1048576,6,huffman+obst,256,2.1974,2034.4799,1069.9886,681.5729,3788.2388,141651,4,0.13508892059326172,1114011,1.062403678894043,1
exp3_pipeline_compare,repetitive99_1024kb,1048576,7,huffman,256,2.1893,0.0,541.0978,680.7647,1224.0518,141558,0,0.13500022888183594,0,0.0,1
exp3_pipeline_compare,repetitive99_1024kb,1048576,7,huffman+obst,256,2.1732,2027.0451,1081.2524,682.6418,3793.1124999999997,141558,0,0.13500022888183594,1113444,1.0618629455566406,1
exp3_pipeline_compare,uniform128_1024kb,1048576,1,huffman,128,1.0827,0.0,2515.5992,3740.4651,6257.147,917504,0,0.875,0,0.0,1
exp3_pipeline_compare,uniform128_1024kb,1048576,1,huffman+obst,128,1.0871,270.5955,4398.3444,3724.6126,8394.6396,917504,0,0.875,6361965,6.067242622375488,1
exp3_pipeline_compare,uniform128_1024kb,1048576,2,huffman,128,0.9186,0.0,2249.6551,3727.6492,5978.2229,917504,0,0.875,0,0.0,1
exp3_pipeline_compare,uniform128_1024kb,1048576,2,huffman+obst,128,1.0565,269.4661,4372.762,3719.9933,8363.277900000001,917504,0,0.875,6364017,6.069199562072754,1
exp3_pipeline_compare,uniform128_1024kb,1048576,3,huffman,128,1.0875,0.0,2504.0952,3720.8737,6226.0564,917504,0,0.875,0,0.0,1
exp3_pipeline_compare,uniform128_1024kb,1048576,3,huffman+obst,128,1.0769,271.1909,4395.9094,3578.941,8247.118199999999,917504,0,0.875,6363421,6.068631172180176,1
exp3_pipeline_compare,uniform128_1024kb,1048576,4,huffman,128,1.0532,0.0,2494.4403,3714.8408,6210.3343,917504,0,0.875,0,0.0,1
exp3_pipeline_compare,uniform128_1024kb,1048576,4,huffman+obst,128,1.0686,271.1568,4387.8001,3754.5413,8414.5668,917504,0,0.875,6363503,6.068709373474121,1
exp3_pipeline_compare,uniform128_1024kb,1048576,5,huffman,128,1.0793,0.0,2547.2264,3767.0636,6315.3693,917504,0,0.875,0,0.0,1
exp3_pipeline_compare,uniform128_1024kb,1048576,5,huffman+obst,128,1.0836,311.3095,4175.5909,3696.9703,8184.9543,917504,0,0.875,6363693,6.068890571594238,1
exp3_pipeline_compare,uniform128_1024kb,1048576,6,huffman,128,1.0535,0.0,2477.1103,3709.6309,6187.7947,917504,0,0.875,0,0.0,1
exp3_pipeline_compare,uniform128_1024kb,1048576,6,huffman+obst,128,1.1035,268.8454,4386.0523,3709.8329,8365.8341,917504,0,0.875,6361850,6.067132949829102,1
exp3_pipeline_compare,uniform128_1024kb,1048576,7,huffman,128,1.1301,0.0,2500.6717,3709.6563,6211.4581,917504,0,0.875,0,0.0,1
exp3_pipeline_compare,uniform128_1024kb,1048576,7,huffman+obst,128,0.9232,227.7643,4201.158,3725.1082,8154.9537,917504,0,0.875,6365008,6.0701446533203125,1
